title,date,url,source,sentiment
Sneaky 2FA Phishing Kit Adds BitB Pop-ups Designed to Mimic the Browser Address Bar,2025-11-18 00:00:00,https://thehackernews.com/2025/11/sneaky-2fa-phishing-kit-adds-bitb-pop.html,The Hacker News,Neutral
Meta Expands WhatsApp Security Research with New Proxy Tool and $4M in Bounties This Year,2025-11-18 00:00:00,https://thehackernews.com/2025/11/meta-expands-whatsapp-security-research.html,The Hacker News,Positive
Learn How Leading Companies Secure Cloud Workloads and Infrastructure at Scale,2025-11-18 00:00:00,https://thehackernews.com/2025/11/learn-how-leading-companies-secure.html,The Hacker News,Neutral
Researchers Detail Tuoni C2's Role in an Attempted 2025 Real-Estate Cyber Intrusion,2025-11-18 00:00:00,https://thehackernews.com/2025/11/researchers-detail-tuoni-c2s-role-in.html,The Hacker News,Positive
Iranian Hackers Use DEEPROOT and TWOSTROKE Malware in Aerospace and Defense Attacks,2025-11-18 00:00:00,https://thehackernews.com/2025/11/iranian-hackers-use-deeproot-and.html,The Hacker News,Neutral
Beyond IAM Silos: Why the Identity Security Fabric is Essential for Securing AI and Non-Human Identities,2025-11-18 00:00:00,https://thehackernews.com/2025/11/beyond-iam-silos-why-identity-security.html,The Hacker News,Neutral
Seven npm Packages Use Adspect Cloaking to Trick Victims Into Crypto Scam Pages,2025-11-18 00:00:00,https://thehackernews.com/2025/11/seven-npm-packages-use-adspect-cloaking.html,The Hacker News,Neutral
Microsoft Mitigates Record 15.72 Tbps DDoS Attack Driven by AISURU Botnet,2025-11-18 00:00:00,https://thehackernews.com/2025/11/microsoft-mitigates-record-572-tbps.html,The Hacker News,Neutral
Google Issues Security Fix for Actively Exploited Chrome V8 Zero-Day Vulnerability,2025-11-18 00:00:00,https://thehackernews.com/2025/11/google-issues-security-fix-for-actively.html,The Hacker News,Neutral
New EVALUSION ClickFix Campaign Delivers Amatera Stealer and NetSupport RAT,2025-11-17 00:00:00,https://thehackernews.com/2025/11/new-evalusion-clickfix-campaign.html,The Hacker News,Positive
"⚡ Weekly Recap: Fortinet Exploited, China's AI Hacks, PhaaS Empire Falls & More",2025-11-17 00:00:00,https://thehackernews.com/2025/11/weekly-recap-fortinet-exploited-chinas.html,The Hacker News,Neutral
5 Reasons Why Attackers Are Phishing Over LinkedIn,2025-11-17 00:00:00,https://thehackernews.com/2025/11/5-reasons-why-attackers-are-phishing.html,The Hacker News,Positive
Dragon Breath Uses RONINGLOADER to Disable Security Tools and Deploy Gh0st RAT,2025-11-17 00:00:00,https://thehackernews.com/2025/11/dragon-breath-uses-roningloader-to.html,The Hacker News,Positive
Rust Adoption Drives Android Memory Safety Bugs Below 20% for First Time,2025-11-17 00:00:00,https://thehackernews.com/2025/11/rust-adoption-drives-android-memory.html,The Hacker News,Positive
RondoDox Exploits Unpatched XWiki Servers to Pull More Devices Into Its Botnet,2025-11-15 00:00:00,https://thehackernews.com/2025/11/rondodox-exploits-unpatched-xwiki.html,The Hacker News,Neutral
Five Plead Guilty in U.S. for Helping North Korean IT Workers Infiltrate 136 Companies,2025-11-15 00:00:00,https://thehackernews.com/2025/11/five-us-citizens-plead-guilty-to.html,The Hacker News,Negative
North Korean Hackers Turn JSON Services into Covert Malware Delivery Channels,2025-11-14 00:00:00,https://thehackernews.com/2025/11/north-korean-hackers-turn-json-services.html,The Hacker News,Negative
"Researchers Find Serious AI Bugs Exposing Meta, Nvidia, and Microsoft Inference Frameworks",2025-11-14 00:00:00,https://thehackernews.com/2025/11/researchers-find-serious-ai-bugs.html,The Hacker News,Negative
Iranian Hackers Launch ‘SpearSpecter’ Spy Operation on Defense & Government Targets,2025-11-14 00:00:00,https://thehackernews.com/2025/11/iranian-hackers-launch-spearspecter-spy.html,The Hacker News,Neutral
Ransomware's Fragmentation Reaches a Breaking Point While LockBit Returns,2025-11-14 00:00:00,https://thehackernews.com/2025/11/ransomwares-fragmentation-reaches.html,The Hacker News,Positive
Chinese Hackers Use Anthropic's AI to Launch Automated Cyber Espionage Campaign,2025-11-14 00:00:00,https://thehackernews.com/2025/11/chinese-hackers-use-anthropics-ai-to.html,The Hacker News,Positive
Now-Patched Fortinet FortiWeb Flaw Exploited in Attacks to Create Admin Accounts,2025-11-14 00:00:00,https://thehackernews.com/2025/11/fortinet-fortiweb-flaw-actively.html,The Hacker News,Neutral
"Russian Hackers Create 4,300 Fake Travel Sites to Steal Hotel Guests' Payment Data",2025-11-13 00:00:00,https://thehackernews.com/2025/11/russian-hackers-create-4300-fake-travel.html,The Hacker News,Neutral
Fake Chrome Extension “Safery” Steals Ethereum Wallet Seed Phrases Using Sui Blockchain,2025-11-13 00:00:00,https://thehackernews.com/2025/11/fake-chrome-extension-safery-steals.html,The Hacker News,Neutral
When Attacks Come Faster Than Patches: Why 2026 Will be the Year of Machine-Speed Security,2025-11-13 00:00:00,https://thehackernews.com/2025/11/when-attacks-come-faster-than-patches.html,The Hacker News,Neutral
"Operation Endgame Dismantles Rhadamanthys, Venom RAT, and Elysium Botnet in Global Crackdown",2025-11-13 00:00:00,https://thehackernews.com/2025/11/operation-endgame-dismantles.html,The Hacker News,Neutral
"ThreatsDay Bulletin: Cisco 0-Days, AI Bug Bounties, Crypto Heists, State-Linked Leaks and 20 More Stories",2025-11-13 00:00:00,https://thehackernews.com/2025/11/threatsday-bulletin-cisco-0-days-ai-bug.html,The Hacker News,Neutral
"CISA Flags Critical WatchGuard Fireware Flaw Exposing 54,000 Fireboxes to No-Login Attacks",2025-11-13 00:00:00,https://thehackernews.com/2025/11/cisa-flags-critical-watchguard-fireware.html,The Hacker News,Neutral
"Over 67,000 Fake npm Packages Flood Registry in Worm-Like Spam Attack",2025-11-13 00:00:00,https://thehackernews.com/2025/11/over-46000-fake-npm-packages-flood.html,The Hacker News,Negative
Google Sues China-Based Hackers Behind $1 Billion Lighthouse Phishing Platform,2025-11-12 00:00:00,https://thehackernews.com/2025/11/google-sues-china-based-hackers-behind.html,The Hacker News,Negative
Amazon Uncovers Attacks Exploited Cisco ISE and Citrix NetScaler as Zero-Day Flaws,2025-11-12 00:00:00,https://thehackernews.com/2025/11/amazon-uncovers-attacks-exploited-cisco.html,The Hacker News,Positive
[Webinar] Learn How Leading Security Teams Reduce Attack Surface Exposure with DASR,2025-11-12 00:00:00,https://thehackernews.com/2025/11/webinar-learn-how-leading-security.html,The Hacker News,Positive
Active Directory Under Siege: Why Critical Infrastructure Needs Stronger Security,2025-11-12 00:00:00,https://thehackernews.com/2025/11/active-directory-under-siege-why.html,The Hacker News,Neutral
"Microsoft Fixes 63 Security Flaws, Including a Windows Kernel Zero-Day Under Active Attack",2025-11-12 00:00:00,https://thehackernews.com/2025/11/microsoft-fixes-63-security-flaws.html,The Hacker News,Neutral
Google Launches 'Private AI Compute' — Secure AI Processing with On-Device-Level Privacy,2025-11-12 00:00:00,https://thehackernews.com/2025/11/google-launches-private-ai-compute.html,The Hacker News,Neutral
WhatsApp Malware 'Maverick' Hijacks Browser Sessions to Target Brazil's Biggest Banks,2025-11-11 00:00:00,https://thehackernews.com/2025/11/whatsapp-malware-maverick-hijacks.html,The Hacker News,Positive
"GootLoader Is Back, Using a New Font Trick to Hide Malware on WordPress Sites",2025-11-11 00:00:00,https://thehackernews.com/2025/11/gootloader-is-back-using-new-font-trick.html,The Hacker News,Neutral
CISO's Expert Guide To AI Supply Chain Attacks,2025-11-11 00:00:00,https://thehackernews.com/2025/11/cisos-expert-guide-to-ai-supply-chain.html,The Hacker News,Positive
Npm Package Targeting GitHub-Owned Repositories Flagged as Red Team Exercise,2025-11-11 00:00:00,https://thehackernews.com/2025/11/researchers-detect-malicious-npm.html,The Hacker News,Positive
Android Trojan 'Fantasy Hub' Malware Service Turns Telegram Into a Hub for Hackers,2025-11-11 00:00:00,https://thehackernews.com/2025/11/android-trojan-fantasy-hub-malware.html,The Hacker News,Neutral
Hackers Exploiting Triofox Flaw to Install Remote Access Tools via Antivirus Feature,2025-11-10 00:00:00,https://thehackernews.com/2025/11/hackers-exploiting-triofox-flaw-to.html,The Hacker News,Neutral
Konni Hackers Turn Google’s Find Hub into a Remote Data-Wiping Weapon,2025-11-10 00:00:00,https://thehackernews.com/2025/11/konni-hackers-turn-googles-find-hub.html,The Hacker News,Neutral
"⚡ Weekly Recap: Hyper-V Malware, Malicious AI Bots, RDP Exploits, WhatsApp Lockdown and More",2025-11-10 00:00:00,https://thehackernews.com/2025/11/weekly-recap-hyper-v-malware-malicious.html,The Hacker News,Neutral
New Browser Security Report Reveals Emerging Threats for Enterprises,2025-11-10 00:00:00,https://thehackernews.com/2025/11/new-browser-security-report-reveals.html,The Hacker News,Neutral
Large-Scale ClickFix Phishing Attacks Target Hotel Systems with PureRAT Malware,2025-11-10 00:00:00,https://thehackernews.com/2025/11/large-scale-clickfix-phishing-attacks.html,The Hacker News,Neutral
GlassWorm Malware Discovered in Three VS Code Extensions with Thousands of Installs,2025-11-10 00:00:00,https://thehackernews.com/2025/11/glassworm-malware-discovered-in-three.html,The Hacker News,Positive
Microsoft Uncovers 'Whisper Leak' Attack That Identifies AI Chat Topics in Encrypted Traffic,2025-11-08 00:00:00,https://thehackernews.com/2025/11/microsoft-uncovers-whisper-leak-attack.html,The Hacker News,Neutral
Samsung Mobile Flaw Exploited as Zero-Day to Deploy LANDFALL Android Spyware,2025-11-07 00:00:00,https://thehackernews.com/2025/11/samsung-zero-click-flaw-exploited-to.html,The Hacker News,Neutral
"From Log4j to IIS, China’s Hackers Turn Legacy Bugs into Global Espionage Tools",2025-11-07 00:00:00,https://thehackernews.com/2025/11/from-log4j-to-iis-chinas-hackers-turn.html,The Hacker News,Neutral
Hidden Logic Bombs in Malware-Laced NuGet Packages Set to Detonate Years After Installation,2025-11-07 00:00:00,https://thehackernews.com/2025/11/hidden-logic-bombs-in-malware-laced.html,The Hacker News,Negative
Anthropic AI-powered cyberattack causes a stir,2025-11-19 00:00:00,https://www.csoonline.com/article/4092571/ai-controlled-cyber-attack-causes-a-stir.html,CSO Online,Positive
More work for admins as Google patches latest zero-day Chrome vulnerability,2025-11-18 00:00:00,https://www.csoonline.com/article/4092287/more-work-for-admins-as-google-patches-latest-zero-day-chrome-vulnerability.html,CSO Online,Neutral
Energiesektor im Visier von Hackern,2025-11-18 00:00:00,https://www.csoonline.com/article/4092016/energiesektor-im-visier-von-hackern.html,CSO Online,Positive
Stadtwerke Detmold von Hackerangriff betroffen,2025-11-18 00:00:00,https://www.csoonline.com/article/4091972/stadtwerke-detmold-von-hackerangriff-betroffen.html,CSO Online,Neutral
Fortinet’s silent patch sparks alarm as a critical FortiWeb flaw is exploited in the wild,2025-11-18 00:00:00,https://www.csoonline.com/article/4091939/fortinets-silent-patch-sparks-alarm-as-a-critical-fortiweb-flaw-is-exploited-in-the-wild.html,CSO Online,Neutral
Azure blocks record 15 Tbps DDoS attack as IoT botnets gain new firepower,2025-11-18 00:00:00,https://www.csoonline.com/article/4091895/azure-blocks-record-15-tbps-ddos-attack-as-iot-botnets-gain-new-firepower.html,CSO Online,Neutral
Rethinking identity for the AI era: CISOs must build trust at machine speed,2025-11-18 00:00:00,https://www.csoonline.com/article/4089732/rethinking-identity-for-the-ai-era-cisos-must-build-trust-at-machine-speed.html,CSO Online,Neutral
So verändert KI Ihre GRC-Strategie,2025-11-18 00:00:00,https://www.csoonline.com/article/4030328/so-verandert-ki-ihre-grc-strategie.html,CSO Online,Positive
Microsoft fixes Windows 10 update flaw,2025-11-18 00:00:00,https://www.csoonline.com/article/4091597/microsoft-fixes-windows-10-update-flaw.html,CSO Online,Neutral
5 key ways attack surface management will evolve in 2026,2025-11-17 00:00:00,https://www.csoonline.com/article/4090333/5-key-ways-attack-surface-management-will-evolve-in-2026.html,CSO Online,Positive
KI-gesteuerter Cyberangriff sorgt für Wirbel,2025-11-17 00:00:00,https://www.csoonline.com/article/4091035/ki-gesteuerter-cyberangriff-sorgt-fur-wirbel.html,CSO Online,Neutral
"Akira ransomware expands to Nutanix AHV, raising stakes for enterprise security",2025-11-17 00:00:00,https://www.csoonline.com/article/4090995/akira-ransomware-expands-to-nutanix-ahv-raising-stakes-for-enterprise-security.html,CSO Online,Neutral
North Korea’s ‘Job Test’ trap upgrades to JSON malware dropboxes,2025-11-17 00:00:00,https://www.csoonline.com/article/4090979/north-koreas-job-test-trap-upgrades-to-json-malware-dropboxes.html,CSO Online,Neutral
India’s new data privacy rules turn privacy compliance into an engineering challenge,2025-11-17 00:00:00,https://www.csoonline.com/article/4090967/indias-new-data-privacy-rules-turn-privacy-compliance-into-an-engineering-challenge.html,CSO Online,Positive
Gipfel in Berlin – Europa strebt digitale Souveränität an,2025-11-17 00:00:00,https://www.csoonline.com/article/4090833/gipfel-in-berlin-europa-strebt-digitale-souveranitat-an.html,CSO Online,Positive
The rise of the chief trust officer: Where does the CISO fit?,2025-11-17 00:00:00,https://www.csoonline.com/article/4085479/the-rise-of-the-chief-trust-officer-where-does-the-ciso-fit.html,CSO Online,Positive
ISO and ISMS: 9 reasons security certifications go wrong,2025-11-17 00:00:00,https://www.csoonline.com/article/4090522/iso-and-isms-why-security-certifications-go-wrong.html,CSO Online,Positive
Empathie trifft IT-Sicherheit: Der Weg zu gelebter Compliance,2025-11-17 00:00:00,https://www.csoonline.com/article/4025731/empathie-trifft-it-sicherheit-der-weg-zu-gelebter-compliance.html,CSO Online,Neutral
Was ist Social Engineering?,2025-11-15 00:00:00,https://www.csoonline.com/article/3491733/was-ist-social-engineering.html,CSO Online,Neutral
Spam flooding npm registry with token stealers still isn’t under control,2025-11-15 00:00:00,https://www.csoonline.com/article/4090568/worm-flooding-npm-registry-with-token-stealers-still-isnt-under-control-2.html,CSO Online,Neutral
Student Loan Breach Exposes 2.5M Records,2022-08-31 00:00:00,https://threatpost.com/student-loan-breach-exposes-2-5m-records/180492/,ThreatPost,Neutral
Watering Hole Attacks Push ScanBox Keylogger,2022-08-30 00:00:00,https://threatpost.com/watering-hole-attacks-push-scanbox-keylogger/180490/,ThreatPost,Positive
Tentacles of ‘0ktapus’ Threat Group Victimize 130 Firms,2022-08-29 00:00:00,https://threatpost.com/0ktapus-victimize-130-firms/180487/,ThreatPost,Neutral
Ransomware Attacks are on the Rise,2022-08-26 00:00:00,https://threatpost.com/ransomware-attacks-are-on-the-rise/180481/,ThreatPost,Positive
Cybercriminals Are Selling Access to Chinese Surveillance Cameras,2022-08-25 00:00:00,https://threatpost.com/cybercriminals-are-selling-access-to-chinese-surveillance-cameras/180478/,ThreatPost,Negative
Twitter Whistleblower Complaint: The TL;DR Version,2022-08-24 00:00:00,https://threatpost.com/twitter-whistleblower-tldr-version/180472/,ThreatPost,Negative
Firewall Bug Under Active Attack Triggers CISA Warning,2022-08-23 00:00:00,https://threatpost.com/firewall-bug-under-active-attack-cisa-warning/180467/,ThreatPost,Negative
Fake Reservation Links Prey on Weary Travelers,2022-08-22 00:00:00,https://threatpost.com/reservation-links-prey-on-travelers/180462/,ThreatPost,Negative
iPhone Users Urged to Update to Patch 2 Zero-Days,2022-08-19 00:00:00,https://threatpost.com/iphone-users-urged-to-update-to-patch-2-zero-days-under-attack/180448/,ThreatPost,Neutral
Google Patches Chrome’s Fifth Zero-Day of the Year,2022-08-18 00:00:00,https://threatpost.com/google-patches-chromes-fifth-zero-day-of-the-year/180432/,ThreatPost,Negative
Cloud Break: IoT Devices Open to Silent Takeover Via Firewalls,2025-11-18 00:00:00,https://www.darkreading.com/cybersecurity-operations/cloud-iot-devices-takeover-firewalls,Dark Reading,Neutral
"Can a Global, Decentralized System Save CVE Data?",2025-11-18 00:00:00,https://www.darkreading.com/cybersecurity-operations/can-global-decentralized-system-save-cve-data,Dark Reading,Negative
Iran-Nexus Threat Actor UNC1549 Takes Aim at Aerospace,2025-11-18 00:00:00,https://www.darkreading.com/cybersecurity-operations/iran-nexus-threat-actor-unc1549-takes-aim-aerospace,Dark Reading,Neutral
Malicious Npm Packages Abuse Adspect Cloaking in Crypto Scam,2025-11-18 00:00:00,https://www.darkreading.com/application-security/malicious-npm-packages-adspect-cloaking-crypto-scam,Dark Reading,Negative
Bug Bounty Programs Rise as Key Strategic Security Solutions,2025-11-18 00:00:00,https://www.darkreading.com/cybersecurity-operations/bug-bounty-programs-rise-as-key-strategic-security-solutions,Dark Reading,Neutral
Critical Fortinet FortiWeb WAF Bug Exploited in the Wild,2025-11-17 00:00:00,https://www.darkreading.com/application-security/critical-fortinet-fortiweb-waf-bug-exploited-in-wild,Dark Reading,Neutral
US Citizens Plead Guilty to Aiding North Korean IT Worker Campaigns,2025-11-17 00:00:00,https://www.darkreading.com/remote-workforce/us-citizens-plead-guilty-north-korean-it-worker,Dark Reading,Negative
Cursor Issue Paves Way for Credential-Stealing Attacks,2025-11-17 00:00:00,https://www.darkreading.com/vulnerabilities-threats/cursor-issue-credential-stealing-attacks,Dark Reading,Neutral
"Akira RaaS Targets Nutanix VMs, Threatens Critical Orgs",2025-11-14 00:00:00,https://www.darkreading.com/threat-intelligence/akira-raas-nutanix-vms-critical-orgs,Dark Reading,Positive
New Security Tools Target Growing macOS Threats,2025-11-14 00:00:00,https://www.darkreading.com/vulnerabilities-threats/new-security-tools-target-growing-macos-threats,Dark Reading,Neutral
Hardened Containers Look to Eliminate Common Source of Vulnerabilities,2025-11-14 00:00:00,https://www.darkreading.com/application-security/hardened-containers-eliminate-common-source-vulnerabilities,Dark Reading,Neutral
"150,000 Packages Flood NPM Registry in Token Farming Campaign",2025-11-14 00:00:00,https://www.darkreading.com/application-security/150000-packages-flood-npm-registry-token-farming,Dark Reading,Neutral
Learning Sales Skills Can Make Security Professionals More Effective,2025-11-14 00:00:00,https://www.darkreading.com/cybersecurity-careers/shadow-program-gives-aws-exec-new-security-lens,Dark Reading,Positive
"Identity Governance and Administration, App Proliferation, and the App Integration Chasm",2025-11-14 00:00:00,https://www.darkreading.com/identity-access-management-security/identity-governance-administration-app-proliferation-app-integration-chasm,Dark Reading,Positive
How CISOs Can Best Work With CEOs and the Board: Lessons From the Field,2025-11-13 00:00:00,https://www.darkreading.com/cyber-risk/how-cisos-can-best-work-with-ceos-and-the-board-lessons-from-the-field,Dark Reading,Positive
[Dark Reading Virtual Event] Cybersecurity Outlook 2026,2025-11-18 00:00:00,https://www.darkreading.com/events/dark-reading-virtual-event-cybersecurity-outlook-2026,Dark Reading,Negative
"Orgs Move to SSO, Passkeys to Solve Bad Password Habits",2025-11-13 00:00:00,https://www.darkreading.com/identity-access-management-security/sso-passkeys-password-bad-habits,Dark Reading,Negative
"Coyote, Maverick Banking Trojans Run Rampant in Brazil",2025-11-13 00:00:00,https://www.darkreading.com/cyberattacks-data-breaches/coyote-maverick-banking-trojans-brazil,Dark Reading,Neutral
Kenya Kicks Off 'Code Nation' With a Nod to Cybersecurity,2025-11-13 00:00:00,https://www.darkreading.com/cybersecurity-operations/kenya-kicks-off-code-nation-nod-cybersecurity,Dark Reading,Neutral
'CitrixBleed 2' Wreaks Havoc as Zero-Day Bug,2025-11-12 00:00:00,https://www.darkreading.com/vulnerabilities-threats/citrixbleed-2-cisco-zero-day-bugs,Dark Reading,Positive
Google Looks to Dim 'Lighthouse' Phishing-as-a-Service Op,2025-11-12 00:00:00,https://www.darkreading.com/threat-intelligence/google-dim-lighthouse-phishing-as-a-service,Dark Reading,Positive
"Microsoft Exchange 'Under Imminent Threat,' Act Now",2025-11-12 00:00:00,https://www.darkreading.com/cyber-risk/microsoft-exchange-under-imminent-threat-act-now,Dark Reading,Neutral
Phishing Tool Uses Smart Redirects to Bypass Detection,2025-11-12 00:00:00,https://www.darkreading.com/endpoint-security/phishing-tool-smart-redirects-bypass-email-security,Dark Reading,Positive
Patch Now: Microsoft Flags Zero-Day &amp; Critical Zero-Click Bugs,2025-11-11 00:00:00,https://www.darkreading.com/vulnerabilities-threats/patch-now-microsoft-zero-day-critical-zero-click-bugs,Dark Reading,Negative
Explore Our Online Events,2025-11-18 00:00:00,https://www.darkreading.com/events/dark-reading-online-events,Dark Reading,Neutral
Grandparents to C-Suite: Elder Fraud Reveals Gaps in Human-Centered Cybersecurity,2025-11-11 00:00:00,https://www.darkreading.com/cyber-risk/grandparents-to-c-suite-elder-fraud-reveals-gaps-in-human-centered-cybersecurity,Dark Reading,Positive
Bridging the Skills Gap: How Military Veterans Are Strengthening Cybersecurity,2025-11-11 00:00:00,https://www.darkreading.com/cybersecurity-operations/military-veterans-strengthening-cybersecurity,Dark Reading,Positive
"Kimsuky APT Takes Over South Korean Androids, Abuses KakaoTalk",2025-11-11 00:00:00,https://www.darkreading.com/remote-workforce/kimsuky-apt-south-korean-androids-abuses-kakaotalk,Dark Reading,Positive
OWASP Highlights Supply Chain Risks in New Top 10 List,2025-11-10 00:00:00,https://www.darkreading.com/application-security/owasp-highlights-supply-chain-risks-new-top-10,Dark Reading,Positive
"GlassWorm Returns, Slices Back into VS Code Extensions",2025-11-10 00:00:00,https://www.darkreading.com/cyberattacks-data-breaches/glassworm-returns-vs-code-extensions,Dark Reading,Neutral
"ClickFix Campaign Targets Hotels, Spurs Secondary Customer Attacks",2025-11-10 00:00:00,https://www.darkreading.com/cyberattacks-data-breaches/clickfix-targets-hotels-secondary-customer-attacks,Dark Reading,Negative
'Landfall' Malware Targets Samsung Galaxy Users,2025-11-07 00:00:00,https://www.darkreading.com/mobile-security/landfall-malware-targeted-samsung-galaxy-users,Dark Reading,Negative
'Ransomvibing' Infests Visual Studio Extension Market,2025-11-07 00:00:00,https://www.darkreading.com/application-security/ransomvibing-infests-visual-studio-extension-market,Dark Reading,Negative
"Microsoft Backs Massive AI Push in UAE, Raising Security Concerns",2025-11-07 00:00:00,https://www.darkreading.com/cyber-risk/microsoft-massive-ai-push-uae-security-concerns,Dark Reading,Positive
AI Agents Are Going Rogue: Here's How to Rein Them In,2025-11-07 00:00:00,https://www.darkreading.com/cyber-risk/ai-agents-going-rogue,Dark Reading,Neutral
AI Security Agents Get Persona Makeovers,2025-11-07 00:00:00,https://www.darkreading.com/cybersecurity-operations/ai-security-agents-get-personas-make-them-more-appealing,Dark Reading,Neutral
"Ollama, Nvidia Flaws Put AI Infrastructure at Risk",2025-11-07 00:00:00,https://www.darkreading.com/vulnerabilities-threats/ollama-nvidia-flaws-ai-infrastructure-risk,Dark Reading,Neutral
"Sora 2 Makes Videos So Believable, Reality Checks Are Required",2025-11-06 00:00:00,https://www.darkreading.com/application-security/sora-2-makes-videos-so-believable-reality-checks-are-required,Dark Reading,Positive
SonicWall Firewall Backups Stolen by Nation-State Actor,2025-11-06 00:00:00,https://www.darkreading.com/cyberattacks-data-breaches/sonicwall-firewall-backups-nation-state-actor,Dark Reading,Neutral
Multiple ChatGPT Security Bugs Allow Rampant Data Theft,2025-11-06 00:00:00,https://www.darkreading.com/application-security/multiple-chatgpt-security-bugs-rampant-data-theft,Dark Reading,Neutral
APT 'Bronze Butler' Exploits Zero-Day to Root Japan Orgs,2025-11-06 00:00:00,https://www.darkreading.com/application-security/bronze-butler-apt-exploits-zero-day-vuln-root-japan,Dark Reading,Positive
Nikkei Suffers Breach Via Slack Compromise,2025-11-05 00:00:00,https://www.darkreading.com/cyberattacks-data-breaches/nikkei-suffers-breach-slack-compromise,Dark Reading,Negative
Operational Technology Security Poses Inherent Risks for Manufacturers,2025-11-05 00:00:00,https://www.darkreading.com/ics-ot-security/operational-technology-security-poses-inherent-risks-for-manufacturers,Dark Reading,Neutral
Critical Site Takeover Flaw Affects 400K WordPress Sites,2025-11-05 00:00:00,https://www.darkreading.com/vulnerabilities-threats/critical-site-takeover-flaw-400k-wordpress-sites,Dark Reading,Neutral
Risk 'Comparable' to SolarWinds Incident Lurks in Popular Software Update Tool,2025-11-05 00:00:00,https://www.darkreading.com/application-security/risk-solarwinds-popular-software-tool-update,Dark Reading,Positive
Closing the AI Execution Gap in Cybersecurity — A CISO Framework,2025-11-05 00:00:00,https://www.darkreading.com/cybersecurity-operations/closing-ai-execution-gap-cybersecurity-ciso-framework,Dark Reading,Neutral
Iran's Elusive &quot;SmudgedSerpent' APT Phishes Influential US Policy Wonks,2025-11-05 00:00:00,https://www.darkreading.com/cyberattacks-data-breaches/iranian-apt-phishes-us-policy-wonks,Dark Reading,Positive
Kimsuky Debuts HTTPTroy Backdoor Against South Korea Users,2025-11-05 00:00:00,https://www.darkreading.com/vulnerabilities-threats/kimsuky-httptroy-backdoor-south-korea-users,Dark Reading,Neutral
AI App Spending Report: Where Are the Security Tools?,2025-11-04 00:00:00,https://www.darkreading.com/cybersecurity-operations/ai-app-spending-report-where-are-the-security-tools,Dark Reading,Positive
Pro-Russian Hackers Use Linux VMs to Hide in Windows,2025-11-04 00:00:00,https://www.darkreading.com/endpoint-security/pro-russian-hackers-linux-vms-hide-windows,Dark Reading,Neutral
"Microsoft Patch Tuesday, November 2025 Edition",2025-11-16 00:00:00,https://krebsonsecurity.com/2025/11/microsoft-patch-tuesday-november-2025-edition/,Krebs on Security,Neutral
Google Sues to Disrupt Chinese SMS Phishing Triad,2025-11-13 00:00:00,https://krebsonsecurity.com/2025/11/google-sues-to-disrupt-chinese-sms-phishing-triad/,Krebs on Security,Neutral
Drilling Down on Uncle Sam’s Proposed TP-Link Ban,2025-11-09 00:00:00,https://krebsonsecurity.com/2025/11/drilling-down-on-uncle-sams-proposed-tp-link-ban/,Krebs on Security,Neutral
Cloudflare Scrubs Aisuru Botnet from Top Domains List,2025-11-06 00:00:00,https://krebsonsecurity.com/2025/11/cloudflare-scrubs-aisuru-botnet-from-top-domains-list/,Krebs on Security,Positive
Alleged Jabber Zeus Coder ‘MrICQ’ in U.S. Custody,2025-11-02 00:00:00,https://krebsonsecurity.com/2025/11/alleged-jabber-zeus-coder-mricq-in-u-s-custody/,Krebs on Security,Neutral
Aisuru Botnet Shifts from DDoS to Residential Proxies,2025-10-29 00:00:00,https://krebsonsecurity.com/2025/10/aisuru-botnet-shifts-from-ddos-to-residential-proxies/,Krebs on Security,Positive
Canada Fines Cybercrime Friendly Cryptomus $176M,2025-10-22 00:00:00,https://krebsonsecurity.com/2025/10/canada-fines-cybercrime-friendly-cryptomus-176m/,Krebs on Security,Neutral
Email Bombs Exploit Lax Authentication in Zendesk,2025-10-17 00:00:00,https://krebsonsecurity.com/2025/10/email-bombs-exploit-lax-authentication-in-zendesk/,Krebs on Security,Neutral
"Patch Tuesday, October 2025 ‘End of 10’ Edition",2025-10-14 00:00:00,https://krebsonsecurity.com/2025/10/patch-tuesday-october-2025-end-of-10-edition/,Krebs on Security,Neutral
DDoS Botnet Aisuru Blankets US ISPs in Record DDoS,2025-10-10 00:00:00,https://krebsonsecurity.com/2025/10/ddos-botnet-aisuru-blankets-us-isps-in-record-ddos/,Krebs on Security,Neutral
Thunderbird adds native support for Microsoft Exchange accounts,2025-11-18 00:00:00,https://www.bleepingcomputer.com/news/software/thunderbird-adds-native-support-for-microsoft-exchange-accounts/,BleepingComputer,Positive
New ShadowRay attacks convert Ray clusters into crypto miners,2025-11-18 00:00:00,https://www.bleepingcomputer.com/news/security/new-shadowray-attacks-convert-ray-clusters-into-crypto-miners/,BleepingComputer,Neutral
"Windows 11 gets new Cloud Rebuild, Point-in-Time Restore tools",2025-11-18 00:00:00,https://www.bleepingcomputer.com/news/microsoft/windows-11-gets-new-cloud-rebuild-point-in-time-restore-tools/,BleepingComputer,Positive
Fortinet warns of new FortiWeb zero-day exploited in attacks,2025-11-18 00:00:00,https://www.bleepingcomputer.com/news/security/fortinet-warns-of-new-fortiweb-zero-day-exploited-in-attacks/,BleepingComputer,Neutral
"Microsoft to integrate Sysmon directly into Windows 11, Server 2025",2025-11-18 00:00:00,https://www.bleepingcomputer.com/news/microsoft/microsoft-to-integrate-sysmon-directly-into-windows-11-server-2025/,BleepingComputer,Negative
Microsoft Teams to let users report messages wrongly flagged as threats,2025-11-18 00:00:00,https://www.bleepingcomputer.com/news/microsoft/microsoft-teams-to-let-users-report-messages-wrongly-flagged-as-threats/,BleepingComputer,Neutral
French agency Pajemploi reports data breach affecting 1.2M people,2025-11-18 00:00:00,https://www.bleepingcomputer.com/news/security/french-agency-pajemploi-reports-data-breach-affecting-12m-people/,BleepingComputer,Neutral
The Tycoon 2FA Phishing Platform and the Collapse of Legacy MFA,2025-11-18 00:00:00,https://www.bleepingcomputer.com/news/security/the-tycoon-2fa-phishing-platform-and-the-collapse-of-legacy-mfa/,BleepingComputer,Negative
Cloudflare hit by outage affecting global network services,2025-11-18 00:00:00,https://www.bleepingcomputer.com/news/technology/cloudflare-hit-by-outage-affecting-global-network-services/,BleepingComputer,Neutral
Google fixes new Chrome zero-day flaw exploited in attacks,2025-11-18 00:00:00,https://www.bleepingcomputer.com/news/security/google-fixes-new-chrome-zero-day-flaw-exploited-in-attacks/,BleepingComputer,Positive
Microsoft: Windows 10 KB5072653 OOB update fixes ESU install errors,2025-11-18 00:00:00,https://www.bleepingcomputer.com/news/microsoft/microsoft-windows-10-kb5072653-oob-update-fixes-esu-install-errors/,BleepingComputer,Neutral
Malicious NPM packages abuse Adspect redirects to evade security,2025-11-17 00:00:00,https://www.bleepingcomputer.com/news/security/malicious-npm-packages-abuse-adspect-redirects-to-evade-security/,BleepingComputer,Neutral
xAI's Grok 4.1 rolls out with improved quality and speed for free,2025-11-17 00:00:00,https://www.bleepingcomputer.com/news/artificial-intelligence/xais-grok-41-rolls-out-with-improved-quality-and-speed-for-free/,BleepingComputer,Positive
AI and Voter Engagement,2025-11-18 00:00:00,https://www.schneier.com/blog/archives/2025/11/ai-and-voter-engagement.html,Schneier on Security,Neutral
More Prompt&#124;&#124;GTFO,2025-11-17 00:00:00,https://www.schneier.com/blog/archives/2025/11/more-promptgtfo.html,Schneier on Security,Positive
Friday Squid Blogging: Pilot Whales Eat a Lot of Squid,2025-11-14 00:00:00,https://www.schneier.com/blog/archives/2025/11/friday-squid-blogging-pilot-whales-eat-a-lot-of-squid.html,Schneier on Security,Negative
Upcoming Speaking Engagements,2025-11-14 00:00:00,https://www.schneier.com/blog/archives/2025/11/upcoming-speaking-engagements-50.html,Schneier on Security,Neutral
The Role of Humans in an AI-Powered World,2025-11-14 00:00:00,https://www.schneier.com/blog/archives/2025/11/the-role-of-humans-in-an-ai-powered-world.html,Schneier on Security,Positive
Book Review: The Business of Secrets,2025-11-13 00:00:00,https://www.schneier.com/blog/archives/2025/11/book-review-the-business-of-secrets.html,Schneier on Security,Positive
On Hacking Back,2025-11-12 00:00:00,https://www.schneier.com/blog/archives/2025/11/on-hacking-back.html,Schneier on Security,Neutral
Prompt Injection in AI Browsers,2025-11-11 00:00:00,https://www.schneier.com/blog/archives/2025/11/prompt-injection-in-ai-browsers.html,Schneier on Security,Neutral
New Attacks Against Secure Enclaves,2025-11-10 00:00:00,https://www.schneier.com/blog/archives/2025/11/new-attacks-against-secure-enclaves.html,Schneier on Security,Positive
"Friday Squid Blogging: Squid Game: The Challenge, Season Two",2025-11-07 00:00:00,https://www.schneier.com/blog/archives/2025/11/friday-squid-blogging-squid-game-the-challenge-season-two.html,Schneier on Security,Neutral
Hackers Actively Exploiting 7-Zip Symbolic Link–Based RCE Vulnerability (CVE-2025-11001),2025-11-19 00:00:00,https://thehackernews.com/2025/11/hackers-actively-exploiting-7-zip.html,The Hacker News,Neutral
Python-Based WhatsApp Worm Spreads Eternidade Stealer Across Brazilian Devices,2025-11-19 00:00:00,https://thehackernews.com/2025/11/python-based-whatsapp-worm-spreads.html,The Hacker News,Neutral
WrtHug Exploits Six ASUS WRT Flaws to Hijack Tens of Thousands of EoL Routers Worldwide,2025-11-19 00:00:00,https://thehackernews.com/2025/11/wrthug-exploits-six-asus-wrt-flaws-to.html,The Hacker News,Neutral
Application Containment: How to Use Ringfencing to Prevent the Weaponization of Trusted Software,2025-11-19 00:00:00,https://thehackernews.com/2025/11/application-containment-how-to-use.html,The Hacker News,Neutral
EdgeStepper Implant Reroutes DNS Queries to Deploy Malware via Hijacked Software Updates,2025-11-19 00:00:00,https://thehackernews.com/2025/11/edgestepper-implant-reroutes-dns.html,The Hacker News,Positive
ServiceNow AI Agents Can Be Tricked Into Acting Against Each Other via Second-Order Prompts,2025-11-19 00:00:00,https://thehackernews.com/2025/11/servicenow-ai-agents-can-be-tricked.html,The Hacker News,Negative
Fortinet Warns of New FortiWeb CVE-2025-58034 Vulnerability Exploited in the Wild,2025-11-19 00:00:00,https://thehackernews.com/2025/11/fortinet-warns-of-new-fortiweb-cve-2025.html,The Hacker News,Positive
Cloudflare Blames Outage on Internal Configuration Error,2025-11-19 00:00:00,https://www.darkreading.com/cyber-risk/cloudflare-blames-outage-internal-error,Dark Reading,Negative
Critical Railway Braking Systems Open to Tampering,2025-11-19 00:00:00,https://www.darkreading.com/ics-ot-security/critical-railway-braking-systems-tampering,Dark Reading,Neutral
The Cloudflare Outage May Be a Security Roadmap,2025-11-19 00:00:00,https://krebsonsecurity.com/2025/11/the-cloudflare-outage-may-be-a-security-roadmap/,Krebs on Security,Positive
W3 Total Cache WordPress plugin vulnerable to PHP command injection,2025-11-19 00:00:00,https://www.bleepingcomputer.com/news/security/w3-total-cache-wordpress-plugin-vulnerable-to-php-command-injection/,BleepingComputer,Negative
Russian bulletproof hosting provider sanctioned over ransomware ties,2025-11-19 00:00:00,https://www.bleepingcomputer.com/news/security/us-sanctions-russian-bulletproof-hosting-provider-media-land-over-ransomware-ties/,BleepingComputer,Neutral
New WrtHug campaign hijacks thousands of end-of-life ASUS routers,2025-11-19 00:00:00,https://www.bleepingcomputer.com/news/security/new-wrthug-campaign-hijacks-thousands-of-end-of-life-asus-routers/,BleepingComputer,Neutral
The hidden risks in your DevOps stack data—and how to address them,2025-11-19 00:00:00,https://www.bleepingcomputer.com/news/security/the-hidden-risks-in-your-devops-stack-data-and-how-to-address-them/,BleepingComputer,Neutral
CISA gives govt agencies 7 days to patch new Fortinet flaw,2025-11-19 00:00:00,https://www.bleepingcomputer.com/news/security/cisa-gives-govt-agencies-7-days-to-patch-new-fortinet-flaw/,BleepingComputer,Positive
Meet ShinySp1d3r: New Ransomware-as-a-Service created by ShinyHunters,2025-11-19 00:00:00,https://www.bleepingcomputer.com/news/security/meet-shinysp1d3r-new-ransomware-as-a-service-created-by-shinyhunters/,BleepingComputer,Positive
California man admits to laundering crypto stolen in $230M heist,2025-11-19 00:00:00,https://www.bleepingcomputer.com/news/security/california-man-admits-to-laundering-crypto-stolen-in-230m-heist/,BleepingComputer,Negative
Cloudflare blames this week's massive outage on database issues,2025-11-19 00:00:00,https://www.bleepingcomputer.com/news/technology/cloudflare-blames-this-weeks-massive-outage-on-database-issues/,BleepingComputer,Neutral
‘PlushDaemon’ hackers hijack software updates in supply-chain attacks,2025-11-19 00:00:00,https://www.bleepingcomputer.com/news/security/plushdaemon-hackers-hijack-software-updates-in-supply-chain-attacks/,BleepingComputer,Positive
Legal Restrictions on Vulnerability Disclosure,2025-11-19 00:00:00,https://www.schneier.com/blog/archives/2025/11/legal-restrictions-on-vulnerability-disclosure.html,Schneier on Security,Positive
ShadowRay 2.0 Exploits Unpatched Ray Flaw to Build Self-Spreading GPU Cryptomining Botnet,2025-11-20 00:00:00,https://thehackernews.com/2025/11/shadowray-20-exploits-unpatched-ray.html,The Hacker News,Negative
Tsundere Botnet Expands Using Game Lures and Ethereum-Based C2 on Windows,2025-11-20 00:00:00,https://thehackernews.com/2025/11/tsundere-botnet-expands-using-game.html,The Hacker News,Negative
"ThreatsDay Bulletin: 0-Days, LinkedIn Spies, Crypto Crimes, IoT Flaws and New Malware Waves",2025-11-20 00:00:00,https://thehackernews.com/2025/11/threatsday-bulletin-0-days-linkedin.html,The Hacker News,Neutral
CTM360 Exposes a Global WhatsApp Hijacking Campaign: HackOnChat,2025-11-20 00:00:00,https://thehackernews.com/2025/11/ctm360-exposes-global-whatsapp.html,The Hacker News,Positive
New Sturnus Android Trojan Quietly Captures Encrypted Chats and Hijacks Devices,2025-11-20 00:00:00,https://thehackernews.com/2025/11/new-sturnus-android-trojan-quietly.html,The Hacker News,Positive
Iran-Linked Hackers Mapped Ship AIS Data Days Before Real-World Missile Strike Attempt,2025-11-20 00:00:00,https://thehackernews.com/2025/11/iran-linked-hackers-mapped-ship-ais.html,The Hacker News,Neutral
TamperedChef Malware Spreads via Fake Software Installers in Ongoing Global Campaign,2025-11-20 00:00:00,https://thehackernews.com/2025/11/tamperedchef-malware-spreads-via-fake.html,The Hacker News,Neutral
Sneaky2FA phishing tool adds ability to insert legit-looking URLs,2025-11-21 00:00:00,https://www.csoonline.com/article/4094165/sneaky2fa-phishing-tool-adds-ability-to-insert-legit-looking-urls.html,CSO Online,Neutral
Fortinet criticized for ‘silent’ patching after disclosing second zero-day vulnerability in same equipment,2025-11-20 00:00:00,https://www.csoonline.com/article/4093949/fortinet-criticized-for-silent-patching-after-disclosing-second-zero-day-vulnerability-in-same-equipment.html,CSO Online,Neutral
API-Exploit für AI-Browser Comet entdeckt,2025-11-20 00:00:00,https://www.csoonline.com/article/4093791/api-exploit-fur-ai-browser-comet-entdeckt.html,CSO Online,Neutral
3 ways CISOs can win over their boards this budget season,2025-11-20 00:00:00,https://www.csoonline.com/article/4093058/3-ways-cisos-can-win-over-their-boards-this-budget-season.html,CSO Online,Positive
China‑linked PlushDaemon hijacks DNS via ‘EdgeStepper’ to weaponize software updates,2025-11-20 00:00:00,https://www.csoonline.com/article/4093727/china%e2%80%91linked-plushdaemon-hijacks-dns-via-edgestepper-to-weaponize-software-updates.html,CSO Online,Neutral
Selling to the CISO: An open letter to the cybersecurity industry,2025-11-20 00:00:00,https://www.csoonline.com/article/4089738/selling-to-the-ciso-an-open-letter-to-the-cybersecurity-industry.html,CSO Online,Positive
Attack Surface Management – ein Kaufratgeber,2025-11-20 00:00:00,https://www.csoonline.com/article/3492897/attack-surface-management-losungen-9-tools-um-ihre-angriffsflache-zu-managen.html,CSO Online,Neutral
Der große KI-Risiko-Guide,2025-11-20 00:00:00,https://www.csoonline.com/article/3494359/der-grose-ki-risiko-guide.html,CSO Online,Neutral
Chinese APT Infects Routers to Hijack Software Updates,2025-11-20 00:00:00,https://www.darkreading.com/endpoint-security/chinese-apt-routers-hijack-software-updates,Dark Reading,Positive
'Matrix Push' C2 Tool Hijacks Browser Notifications,2025-11-20 00:00:00,https://www.darkreading.com/threat-intelligence/matrix-push-c2-tool-hijacks-browser-notifications-phishing,Dark Reading,Neutral
Same Old Security Problems: Cyber Training Still Fails Miserably,2025-11-20 00:00:00,https://www.darkreading.com/cybersecurity-operations/security-problems-cyber-training-fails-miserably,Dark Reading,Negative
WhatsApp 'Eternidade' Trojan Self-Propagates Through Brazil,2025-11-20 00:00:00,https://www.darkreading.com/threat-intelligence/whatsapp-eternidade-trojan-self-propagates-brazil,Dark Reading,Positive
Mozilla Says It’s Finally Done With Two-Faced Onerep,2025-11-20 00:00:00,https://krebsonsecurity.com/2025/11/mozilla-says-its-finally-done-with-two-faced-onerep/,Krebs on Security,Positive
Google exposes BadAudio malware used in APT24 espionage campaigns,2025-11-20 00:00:00,https://www.bleepingcomputer.com/news/security/google-exposes-badaudio-malware-used-in-apt24-espionage-campaigns/,BleepingComputer,Positive
"Hacker claims to steal 2.3TB data from Italian rail group, Almavia",2025-11-20 00:00:00,https://www.bleepingcomputer.com/news/security/hacker-claims-to-steal-23tb-data-from-italian-rail-group-almavia/,BleepingComputer,Neutral
GlobalProtect VPN portals probed with 2.3 million scan sessions,2025-11-20 00:00:00,https://www.bleepingcomputer.com/news/security/globalprotect-vpn-portals-probed-with-23-million-scan-sessions/,BleepingComputer,Neutral
Salesforce investigates customer data theft via Gainsight breach,2025-11-20 00:00:00,https://www.bleepingcomputer.com/news/security/salesforce-investigates-customer-data-theft-via-gainsight-breach/,BleepingComputer,Positive
New SonicWall SonicOS flaw allows hackers to crash firewalls,2025-11-20 00:00:00,https://www.bleepingcomputer.com/news/security/new-sonicwall-sonicos-flaw-allows-hackers-to-crash-firewalls/,BleepingComputer,Negative
D-Link warns of new RCE flaws in end-of-life DIR-878 routers,2025-11-20 00:00:00,https://www.bleepingcomputer.com/news/security/d-link-warns-of-new-rce-flaws-in-end-of-life-dir-878-routers/,BleepingComputer,Positive
Turn your Windows 11 migration into a security opportunity,2025-11-20 00:00:00,https://www.bleepingcomputer.com/news/security/turn-your-windows-11-migration-into-a-security-opportunity/,BleepingComputer,Neutral
TV streaming piracy service with 26M yearly visits shut down,2025-11-20 00:00:00,https://www.bleepingcomputer.com/news/security/tv-streaming-piracy-service-photocall-with-26m-yearly-visits-shut-down/,BleepingComputer,Neutral
Crypto mixer founders sent to prison for laundering over $237 million,2025-11-20 00:00:00,https://www.bleepingcomputer.com/news/security/samourai-cryptomixer-founders-sent-to-prison-for-laundering-over-237-million/,BleepingComputer,Neutral
"Multi-threat Android malware Sturnus steals Signal, WhatsApp messages",2025-11-20 00:00:00,https://www.bleepingcomputer.com/news/security/multi-threat-android-malware-sturnus-steals-signal-whatsapp-messages/,BleepingComputer,Positive
OpenAI says its latest GPT-5.1 Codex can code independently for hours,2025-11-20 00:00:00,https://www.bleepingcomputer.com/news/artificial-intelligence/openai-says-its-latest-gpt-51-codex-can-code-independently-for-hours/,BleepingComputer,Positive
Scam USPS and E-Z Pass Texts and Websites,2025-11-20 00:00:00,https://www.schneier.com/blog/archives/2025/11/scam-usps-and-e-z-pass-texts-and-websites.html,Schneier on Security,Negative
China-Linked APT31 Launches Stealthy Cyberattacks on Russian IT Using Cloud Services,2025-11-22 00:00:00,https://thehackernews.com/2025/11/china-linked-apt31-launches-stealthy.html,The Hacker News,Positive
"Matrix Push C2 Uses Browser Notifications for Fileless, Cross-Platform Phishing Attacks",2025-11-22 00:00:00,https://thehackernews.com/2025/11/matrix-push-c2-uses-browser.html,The Hacker News,Negative
CISA Warns of Actively Exploited Critical Oracle Identity Manager Zero-Day Vulnerability,2025-11-22 00:00:00,https://thehackernews.com/2025/11/cisa-warns-of-actively-exploited.html,The Hacker News,Neutral
Grafana Patches CVSS 10.0 SCIM Flaw Enabling Impersonation and Privilege Escalation,2025-11-21 00:00:00,https://thehackernews.com/2025/11/grafana-patches-cvss-100-scim-flaw.html,The Hacker News,Positive
Google Brings AirDrop Compatibility to Android’s Quick Share Using Rust-Hardened Security,2025-11-21 00:00:00,https://thehackernews.com/2025/11/google-adds-airdrop-compatibility-to.html,The Hacker News,Positive
Why IT Admins Choose Samsung for Mobile Security,2025-11-21 00:00:00,https://thehackernews.com/2025/11/why-it-admins-choose-samsung-for-mobile.html,The Hacker News,Positive
"APT24 Deploys BADAUDIO in Years-Long Espionage Hitting Taiwan and 1,000+ Domains",2025-11-21 00:00:00,https://thehackernews.com/2025/11/apt24-deploys-badaudio-in-years-long.html,The Hacker News,Positive
SEC Drops SolarWinds Case After Years of High-Stakes Cybersecurity Scrutiny,2025-11-21 00:00:00,https://thehackernews.com/2025/11/sec-drops-solarwinds-case-after-years.html,The Hacker News,Negative
Salesforce Flags Unauthorized Data Access via Gainsight-Linked OAuth Activity,2025-11-21 00:00:00,https://thehackernews.com/2025/11/salesforce-flags-unauthorized-data.html,The Hacker News,Neutral
CrowdStrike fired insider for sharing internal info with hacking group,2025-11-22 00:00:00,https://www.csoonline.com/article/4094780/crowdstrike-fired-insider-for-sharing-internal-info-with-hacking-group.html,CSO Online,Positive
FCC reversal removes federal cyber safeguards targeting telecom weaknesses post-Salt Typhoon attacks,2025-11-22 00:00:00,https://www.csoonline.com/article/4094745/fcc-reversal-removes-federal-cyber-safeguards-targeting-telecom-weaknesses-post-salt-typhoon-attacks.html,CSO Online,Neutral
"Deja Vu: Salesforce Customers Hacked Again, Via Gainsight",2025-11-21 00:00:00,https://www.darkreading.com/cyberattacks-data-breaches/salesforce-customers-hacked-gainsight,Dark Reading,Neutral
LINE Messaging Bugs Open Asian Users to Cyber Espionage,2025-11-21 00:00:00,https://www.darkreading.com/application-security/line-messaging-bugs-asian-cyber-espionage,Dark Reading,Neutral
Cloudflare's One-Stop-Shop Convenience Takes Down Global Digital Economy,2025-11-21 00:00:00,https://www.darkreading.com/cybersecurity-operations/cloudflares-one-stop-shop-convenience-global-digital-economy,Dark Reading,Neutral
Hack the Hackers: 6 Laws for Staying Ahead of the Attackers,2025-11-21 00:00:00,https://www.darkreading.com/cyber-risk/hack-hackers-6-laws-staying-ahead-cyberattackers,Dark Reading,Positive
"With AI Reshaping Entry-Level Cyber, What Happens to the Security Talent Pipeline?",2025-11-21 00:00:00,https://www.darkreading.com/cybersecurity-careers/with-ai-reshaping-entry-level-cyber-what-happens-to-the-security-talent-pipeline-,Dark Reading,Neutral
Switching to Offense: US Makes Cyber Strategy Changes,2025-11-21 00:00:00,https://www.darkreading.com/cyber-risk/us-makes-cyber-strategy-changes,Dark Reading,Neutral
Inside Iran's Cyber Objectives: What Do They Want?,2025-11-21 00:00:00,https://www.darkreading.com/cybersecurity-operations/iran-cyber-objectives,Dark Reading,Neutral
"Google enables Pixel-to-iPhone file sharing via Quick Share, AirDrop",2025-11-23 00:00:00,https://www.bleepingcomputer.com/news/mobile/google-enables-pixel-to-iphone-file-sharing-via-quick-share-airdrop/,BleepingComputer,Positive
Enterprise password security and secrets management with Passwork 7,2025-11-23 00:00:00,https://www.bleepingcomputer.com/news/security/enterprise-password-security-and-secrets-management-with-passwork-7/,BleepingComputer,Positive
Iberia discloses customer data leak after vendor security breach,2025-11-23 00:00:00,https://www.bleepingcomputer.com/news/security/iberia-discloses-customer-data-leak-after-vendor-security-breach/,BleepingComputer,Neutral
New Costco Gold Star Members also get a $40 Digital Costco Shop Card,2025-11-23 00:00:00,https://www.bleepingcomputer.com/news/security/new-costco-gold-star-members-also-get-a-40-digital-costco-shop-card/,BleepingComputer,Neutral
WhatsApp API flaw let researchers scrape 3.5 billion accounts,2025-11-22 00:00:00,https://www.bleepingcomputer.com/news/security/whatsapp-api-flaw-let-researchers-scrape-35-billion-accounts/,BleepingComputer,Neutral
Cox Enterprises discloses Oracle E-Business Suite data breach,2025-11-22 00:00:00,https://www.bleepingcomputer.com/news/security/cox-enterprises-discloses-oracle-e-business-suite-data-breach/,BleepingComputer,Neutral
Piecing Together the Puzzle: A Qilin Ransomware Investigation,2025-11-22 00:00:00,https://www.bleepingcomputer.com/news/security/piecing-together-the-puzzle-a-qilin-ransomware-investigation/,BleepingComputer,Negative
CISA warns Oracle Identity Manager RCE flaw is being actively exploited,2025-11-21 00:00:00,https://www.bleepingcomputer.com/news/security/cisa-warns-oracle-identity-manager-rce-flaw-is-being-actively-exploited/,BleepingComputer,Neutral
Nvidia confirms October Windows updates cause gaming issues,2025-11-21 00:00:00,https://www.bleepingcomputer.com/news/technology/nvidia-fixes-gaming-issues-caused-by-october-windows-update/,BleepingComputer,Positive
Microsoft: Out-of-band update fixes Windows 11 hotpatch install loop,2025-11-21 00:00:00,https://www.bleepingcomputer.com/news/microsoft/microsoft-out-of-band-update-fixes-windows-11-hotpatch-install-loop/,BleepingComputer,Neutral
Grafana warns of max severity admin spoofing vulnerability,2025-11-21 00:00:00,https://www.bleepingcomputer.com/news/security/grafana-warns-of-max-severity-admin-spoofing-vulnerability/,BleepingComputer,Positive
CrowdStrike catches insider feeding information to hackers,2025-11-21 00:00:00,https://www.bleepingcomputer.com/news/security/crowdstrike-catches-insider-feeding-information-to-hackers/,BleepingComputer,Neutral
"FCC rolls back cybersecurity rules for telcos, despite state-hacking risks",2025-11-21 00:00:00,https://www.bleepingcomputer.com/news/security/fcc-rolls-back-cybersecurity-rules-for-telcos-despite-state-hacking-risks/,BleepingComputer,Neutral
'Scattered Spider' teens plead not guilty to UK transport hack,2025-11-21 00:00:00,https://www.bleepingcomputer.com/news/security/scattered-spider-teens-plead-not-guilty-to-uk-transport-hack/,BleepingComputer,Neutral
Friday Squid Blogging: New “Squid” Sneaker,2025-11-21 00:00:00,https://www.schneier.com/blog/archives/2025/11/friday-squid-blogging-new-squid-sneaker.html,Schneier on Security,Negative
More on Rewiring Democracy,2025-11-21 00:00:00,https://www.schneier.com/blog/archives/2025/11/71226.html,Schneier on Security,Positive
AI as Cyberattacker,2025-11-21 00:00:00,https://www.schneier.com/blog/archives/2025/11/ai-as-cyberattacker.html,Schneier on Security,Neutral
New Fluent Bit Flaws Expose Cloud to RCE and Stealthy Infrastructure Intrusions,2025-11-24 00:00:00,https://thehackernews.com/2025/11/new-fluent-bit-flaws-expose-cloud-to.html,The Hacker News,Neutral
"Second Sha1-Hulud Wave Affects 25,000+ Repositories via npm Preinstall Credential Theft",2025-11-24 00:00:00,https://thehackernews.com/2025/11/second-sha1-hulud-wave-affects-25000.html,The Hacker News,Neutral
"⚡ Weekly Recap: Fortinet Exploit, Chrome 0-Day, BadIIS Malware, Record DDoS, SaaS Breach & More",2025-11-24 00:00:00,https://thehackernews.com/2025/11/weekly-recap-fortinet-exploit-chrome-0.html,The Hacker News,Neutral
Chinese DeepSeek-R1 AI Generates Insecure Code When Prompts Mention Tibet or Uyghurs,2025-11-24 00:00:00,https://thehackernews.com/2025/11/chinese-ai-model-deepseek-r1-generates.html,The Hacker News,Neutral
ShadowPad Malware Actively Exploits WSUS Vulnerability for Full System Access,2025-11-24 00:00:00,https://thehackernews.com/2025/11/shadowpad-malware-actively-exploits.html,The Hacker News,Neutral
"New Shai-Hulud worm spreading through npm, GitHub",2025-11-25 00:00:00,https://www.csoonline.com/article/4095578/new-shai-hulud-worm-spreading-through-npm-github.html,CSO Online,Positive
2026 CSO Hall of Fame call for nominations,2025-11-24 00:00:00,https://www.csoonline.com/article/568125/cso-hall-of-fame-honorees.html,CSO Online,Neutral
What keeps CISOs awake at night — and why Zurich might hold the cure,2025-11-24 00:00:00,https://www.csoonline.com/article/4094608/what-keeps-cisos-awake-at-night-and-why-zurich-might-hold-the-cure.html,CSO Online,Positive
AWS S3-Buckets im Visier von Ransomware-Banden,2025-11-24 00:00:00,https://www.csoonline.com/article/4095199/aws-s3-buckets-im-visier-von-ransomware-banden.html,CSO Online,Positive
Invisible battles: How cybersecurity work erodes mental health in silence and what we can do about it,2025-11-24 00:00:00,https://www.csoonline.com/article/4094657/invisible-battles-how-cybersecurity-work-erodes-mental-health-in-silence-and-what-we-can-do-about-it.html,CSO Online,Neutral
"JPMorgan, Citi, Morgan Stanley assess fallout from SitusAMC data breach",2025-11-24 00:00:00,https://www.csoonline.com/article/4095182/jpmorgan-citi-morgan-stanley-assess-fallout-from-situsamc-data-breach.html,CSO Online,Neutral
Oracle OIM zero‑day: Pre‑auth RCE forces rapid patching across enterprises,2025-11-24 00:00:00,https://www.csoonline.com/article/4095150/oracle-oim-zero%e2%80%91day-pre%e2%80%91auth-rce-forces-rapid-patching-across-enterprises.html,CSO Online,Neutral
The CISO’s greatest risk? Department leaders quitting,2025-11-24 00:00:00,https://www.csoonline.com/article/4094734/the-cisos-greatest-risk-department-leaders-quitting.html,CSO Online,Positive
ShadowRay 2.0 Turns AI Clusters into Crypto Botnets,2025-11-24 00:00:00,https://www.darkreading.com/cyber-risk/shadowray-20-ai-clusters-crypto-botnets,Dark Reading,Neutral
Critical Flaw in Oracle Identity Manager Under Exploitation,2025-11-24 00:00:00,https://www.darkreading.com/vulnerabilities-threats/critical-flaw-oracle-identity-manager-under-exploitation,Dark Reading,Neutral
Infamous Shai-hulud Worm Resurfaces From the Depths,2025-11-24 00:00:00,https://www.darkreading.com/application-security/infamous-shai-hulud-worm-resurfaces-from-depths,Dark Reading,Neutral
Vision Language Models Keep an Eye on Physical Security,2025-11-24 00:00:00,https://www.darkreading.com/cyberattacks-data-breaches/vision-language-models-keep-an-eye-on-physical-security,Dark Reading,Neutral
Is Your Android TV Streaming Box Part of a Botnet?,2025-11-24 00:00:00,https://krebsonsecurity.com/2025/11/is-your-android-tv-streaming-box-part-of-a-botnet/,Krebs on Security,Neutral
Malicious Blender model files deliver StealC infostealing malware,2025-11-24 00:00:00,https://www.bleepingcomputer.com/news/security/malicious-blender-model-files-deliver-stealc-infostealing-malware/,BleepingComputer,Neutral
ClickFix attack uses fake Windows Update screen to push malware,2025-11-24 00:00:00,https://www.bleepingcomputer.com/news/security/clickfix-attack-uses-fake-windows-update-screen-to-push-malware/,BleepingComputer,Negative
Real-estate finance services giant SitusAMC breach exposes client data,2025-11-24 00:00:00,https://www.bleepingcomputer.com/news/security/real-estate-finance-services-giant-situsamc-breach-exposes-client-data/,BleepingComputer,Positive
SCCM and WSUS in a Hybrid World: Why It’s Time for Cloud-native Patching,2025-11-24 00:00:00,https://www.bleepingcomputer.com/news/security/sccm-and-wsus-in-a-hybrid-world-why-its-time-for-cloud-native-patching/,BleepingComputer,Negative
"Shai-Hulud malware infects 500 npm packages, leaks secrets on GitHub",2025-11-24 00:00:00,https://www.bleepingcomputer.com/news/security/shai-hulud-malware-infects-500-npm-packages-leaks-secrets-on-github/,BleepingComputer,Neutral
"Harvard University discloses data breach affecting alumni, donors",2025-11-24 00:00:00,https://www.bleepingcomputer.com/news/security/harvard-university-discloses-data-breach-affecting-alumni-donors/,BleepingComputer,Neutral
Microsoft tests File Explorer preloading for faster performance,2025-11-24 00:00:00,https://www.bleepingcomputer.com/news/microsoft/microsoft-tests-file-explorer-preloading-for-faster-launches/,BleepingComputer,Positive
Microsoft to remove WINS support after Windows Server 2025,2025-11-24 00:00:00,https://www.bleepingcomputer.com/news/microsoft/microsoft-to-remove-wins-support-after-windows-server-2025/,BleepingComputer,Positive
Microsoft: Windows 11 24H2 bug crashes Explorer and Start Menu,2025-11-24 00:00:00,https://www.bleepingcomputer.com/news/microsoft/microsoft-windows-11-24h2-bug-crashes-key-system-components/,BleepingComputer,Neutral
IACR Nullifies Election Because of Lost Decryption Key,2025-11-24 00:00:00,https://www.schneier.com/blog/archives/2025/11/iacr-nullifies-election-because-of-lost-decryption-key.html,Schneier on Security,Neutral
Years of JSONFormatter and CodeBeautify Leaks Expose Thousands of Passwords and API Keys,2025-11-25 00:00:00,https://thehackernews.com/2025/11/years-of-jsonformatter-and-codebeautify.html,The Hacker News,Neutral
JackFix Uses Fake Windows Update Pop-Ups on Adult Sites to Deliver Multiple Stealers,2025-11-25 00:00:00,https://thehackernews.com/2025/11/jackfix-uses-fake-windows-update-pop.html,The Hacker News,Negative
ToddyCat’s New Hacking Tools Steal Outlook Emails and Microsoft 365 Access Tokens,2025-11-25 00:00:00,https://thehackernews.com/2025/11/toddycats-new-hacking-tools-steal.html,The Hacker News,Neutral
3 SOC Challenges You Need to Solve Before 2026,2025-11-25 00:00:00,https://thehackernews.com/2025/11/3-soc-challenges-you-need-to-solve.html,The Hacker News,Positive
Hackers Hijack Blender 3D Assets to Deploy StealC V2 Data-Stealing Malware,2025-11-25 00:00:00,https://thehackernews.com/2025/11/hackers-hijack-blender-3d-assets-to.html,The Hacker News,Neutral
CISA Warns of Active Spyware Campaigns Hijacking High-Value Signal and WhatsApp Users,2025-11-25 00:00:00,https://thehackernews.com/2025/11/cisa-warns-of-active-spyware-campaigns.html,The Hacker News,Neutral
Advanced Security Isn't Stopping Ancient Phishing Tactics,2025-11-25 00:00:00,https://www.darkreading.com/cyberattacks-data-breaches/advanced-security-phishing-tactics,Dark Reading,Positive
"Cheap Hardware Module Bypasses AMD, Intel Memory Encryption",2025-11-25 00:00:00,https://www.darkreading.com/vulnerabilities-threats/cheap-hardware-module-amd-intel-memory-encryption,Dark Reading,Positive
DPRK's FlexibleFerret Tightens macOS Grip,2025-11-25 00:00:00,https://www.darkreading.com/cyberattacks-data-breaches/dprks-flexibleferret-tightens-macos-grip,Dark Reading,Negative
With Friends Like These: China Spies on Russian IT Orgs,2025-11-25 00:00:00,https://www.darkreading.com/cyberattacks-data-breaches/china-spies-russian-it-orgs,Dark Reading,Neutral
"As Gen Z Enters Cybersecurity, Jury Is Out on AI's Impact",2025-11-25 00:00:00,https://www.darkreading.com/cybersecurity-operations/gen-z-cybersecurity-jury-out-ai-impact,Dark Reading,Positive
'JackFix' Attack Circumvents ClickFix Mitigations,2025-11-25 00:00:00,https://www.darkreading.com/threat-intelligence/jackfix-attack-clickfix-mitigations,Dark Reading,Neutral
OnSolve CodeRED cyberattack disrupts emergency alert systems nationwide,2025-11-25 00:00:00,https://www.bleepingcomputer.com/news/security/onsolve-codered-cyberattack-disrupts-emergency-alert-systems-nationwide/,BleepingComputer,Positive
"The Black Friday 2025 Cybersecurity, IT, VPN, & Antivirus Deals",2025-11-25 00:00:00,https://www.bleepingcomputer.com/news/security/the-black-friday-2025-cybersecurity-it-vpn-and-antivirus-deals/,BleepingComputer,Positive
FBI: Cybercriminals stole $262M by impersonating bank support teams,2025-11-25 00:00:00,https://www.bleepingcomputer.com/news/security/fbi-cybercriminals-stole-262-million-by-impersonating-bank-support-teams-since-january/,BleepingComputer,Neutral
Tor switches to new Counter Galois Onion relay encryption algorithm,2025-11-25 00:00:00,https://www.bleepingcomputer.com/news/security/tor-switches-to-new-counter-galois-onion-relay-encryption-algorithm/,BleepingComputer,Positive
Microsoft: Exchange Online outage blocks access to Outlook mailboxes,2025-11-25 00:00:00,https://www.bleepingcomputer.com/news/microsoft/microsoft-exchange-online-outage-blocks-access-to-outlook-mailboxes/,BleepingComputer,Positive
Microsoft is speeding up the Teams desktop client for Windows,2025-11-25 00:00:00,https://www.bleepingcomputer.com/news/microsoft/microsoft-to-boost-teams-performance-with-new-call-handler/,BleepingComputer,Positive
Year-end approaches: How to maximize your cyber spend,2025-11-25 00:00:00,https://www.bleepingcomputer.com/news/security/year-end-approaches-how-to-maximize-your-cyber-spend/,BleepingComputer,Positive
"Code beautifiers expose credentials from banks, govt, tech orgs",2025-11-25 00:00:00,https://www.bleepingcomputer.com/news/security/code-beautifiers-expose-credentials-from-banks-govt-tech-orgs/,BleepingComputer,Positive
Dartmouth College confirms data breach after Clop extortion attack,2025-11-25 00:00:00,https://www.bleepingcomputer.com/news/security/dartmouth-college-confirms-data-breach-after-clop-extortion-attack/,BleepingComputer,Negative
Four Ways AI Is Being Used to Strengthen Democracies Worldwide,2025-11-25 00:00:00,https://www.schneier.com/blog/archives/2025/11/four-ways-ai-is-being-used-to-strengthen-democracies-worldwide.html,Schneier on Security,Positive
"ClickFix Attacks Expand Using Fake CAPTCHAs, Microsoft Scripts, and Trusted Web Services",2026-01-27 00:00:00,https://thehackernews.com/2026/01/clickfix-attacks-expand-using-fake.html,The Hacker News,Neutral
"CTEM in Practice: Prioritization, Validation, and Outcomes That Matter",2026-01-27 00:00:00,https://thehackernews.com/2026/01/ctem-in-practice-prioritization.html,The Hacker News,Neutral
Microsoft Office Zero-Day (CVE-2026-21509) - Emergency Patch Issued for Active Exploitation,2026-01-27 00:00:00,https://thehackernews.com/2026/01/microsoft-issues-emergency-patch-for.html,The Hacker News,Negative
Critical Grist-Core Vulnerability Allows RCE Attacks via Spreadsheet Formulas,2026-01-27 00:00:00,https://thehackernews.com/2026/01/critical-grist-core-vulnerability.html,The Hacker News,Neutral
China-Linked Hackers Have Used the PeckBirdy JavaScript C2 Framework Since 2023,2026-01-27 00:00:00,https://thehackernews.com/2026/01/china-linked-hackers-have-used.html,The Hacker News,Positive
Indian Users Targeted in Tax Phishing Campaign Delivering Blackmoon Malware,2026-01-26 00:00:00,https://thehackernews.com/2026/01/indian-users-targeted-in-tax-phishing.html,The Hacker News,Neutral
Malicious VS Code AI Extensions with 1.5 Million Installs Steal Developer Source Code,2026-01-26 00:00:00,https://thehackernews.com/2026/01/malicious-vs-code-ai-extensions-with-15.html,The Hacker News,Neutral
"⚡ Weekly Recap: Firewall Flaws, AI-Built Malware, Browser Traps, Critical CVEs & More",2026-01-26 00:00:00,https://thehackernews.com/2026/01/weekly-recap-firewall-flaws-ai-built.html,The Hacker News,Positive
Winning Against AI-Based Attacks Requires a Combined Defensive Approach,2026-01-26 00:00:00,https://thehackernews.com/2026/01/winning-against-ai-based-attacks.html,The Hacker News,Positive
Konni Hackers Deploy AI-Generated PowerShell Backdoor Against Blockchain Developers,2026-01-26 00:00:00,https://thehackernews.com/2026/01/konni-hackers-deploy-ai-generated.html,The Hacker News,Negative
Multi-Stage Phishing Campaign Targets Russia with Amnesia RAT and Ransomware,2026-01-24 00:00:00,https://thehackernews.com/2026/01/multi-stage-phishing-campaign-targets.html,The Hacker News,Neutral
New DynoWiper Malware Used in Attempted Sandworm Attack on Polish Power Sector,2026-01-24 00:00:00,https://thehackernews.com/2026/01/new-dynowiper-malware-used-in-attempted.html,The Hacker News,Neutral
"Who Approved This Agent? Rethinking Access, Accountability, and Risk in the Age of AI Agents",2026-01-24 00:00:00,https://thehackernews.com/2026/01/who-approved-this-agent-rethinking.html,The Hacker News,Positive
CISA Adds Actively Exploited VMware vCenter Flaw CVE-2024-37079 to KEV Catalog,2026-01-24 00:00:00,https://thehackernews.com/2026/01/cisa-adds-actively-exploited-vmware.html,The Hacker News,Neutral
CISA Updates KEV Catalog with Four Actively Exploited Software Vulnerabilities,2026-01-23 00:00:00,https://thehackernews.com/2026/01/cisa-updates-kev-catalog-with-four.html,The Hacker News,Neutral
Fortinet Confirms Active FortiCloud SSO Bypass on Fully Patched FortiGate Firewalls,2026-01-23 00:00:00,https://thehackernews.com/2026/01/fortinet-confirms-active-forticloud-sso.html,The Hacker News,Positive
TikTok Forms U.S. Joint Venture to Continue Operations Under 2025 Executive Order,2026-01-23 00:00:00,https://thehackernews.com/2026/01/tiktok-forms-us-joint-venture-to.html,The Hacker News,Positive
Phishing Attack Uses Stolen Credentials to Install LogMeIn RMM for Persistent Access,2026-01-23 00:00:00,https://thehackernews.com/2026/01/phishing-attack-uses-stolen-credentials.html,The Hacker News,Neutral
Microsoft Flags Multi-Stage AitM Phishing and BEC Attacks Targeting Energy Firms,2026-01-23 00:00:00,https://thehackernews.com/2026/01/microsoft-flags-multi-stage-aitm.html,The Hacker News,Neutral
New Osiris Ransomware Emerges as New Strain Using POORTRY Driver in BYOVD Attack,2026-01-22 00:00:00,https://thehackernews.com/2026/01/new-osiris-ransomware-emerges-as-new.html,The Hacker News,Neutral
Critical GNU InetUtils telnetd Flaw Lets Attackers Bypass Login and Gain Root Access,2026-01-22 00:00:00,https://thehackernews.com/2026/01/critical-gnu-inetutils-telnetd-flaw.html,The Hacker News,Neutral
"ThreatsDay Bulletin: Pixel Zero-Click, Redis RCE, China C2s, RAT Ads, Crypto Scams & 15+ Stories",2026-01-22 00:00:00,https://thehackernews.com/2026/01/threatsday-bulletin-pixel-zero-click.html,The Hacker News,Neutral
Filling the Most Common Gaps in Google Workspace Security,2026-01-22 00:00:00,https://thehackernews.com/2026/01/filling-most-common-gaps-in-google.html,The Hacker News,Positive
"Malicious PyPI Package Impersonates SymPy, Deploys XMRig Miner on Linux Hosts",2026-01-22 00:00:00,https://thehackernews.com/2026/01/malicious-pypi-package-impersonates.html,The Hacker News,Positive
SmarterMail Auth Bypass Exploited in the Wild Two Days After Patch Release,2026-01-22 00:00:00,https://thehackernews.com/2026/01/smartermail-auth-bypass-exploited-in.html,The Hacker News,Neutral
Automated FortiGate Attacks Exploit FortiCloud SSO to Alter Firewall Configurations,2026-01-22 00:00:00,https://thehackernews.com/2026/01/automated-fortigate-attacks-exploit.html,The Hacker News,Positive
Cisco Fixes Actively Exploited Zero-Day CVE-2026-20045 in Unified CM and Webex,2026-01-22 00:00:00,https://thehackernews.com/2026/01/cisco-fixes-actively-exploited-zero-day.html,The Hacker News,Neutral
"North Korean PurpleBravo Campaign Targeted 3,136 IP Addresses via Fake Job Interviews",2026-01-21 00:00:00,https://thehackernews.com/2026/01/north-korean-purplebravo-campaign.html,The Hacker News,Neutral
"Zoom and GitLab Release Security Updates Fixing RCE, DoS, and 2FA Bypass Flaws",2026-01-21 00:00:00,https://thehackernews.com/2026/01/zoom-and-gitlab-release-security.html,The Hacker News,Neutral
Webinar: How Smart MSSPs Using AI to Boost Margins with Half the Staff,2026-01-21 00:00:00,https://thehackernews.com/2026/01/webinar-how-smart-mssps-using-ai-to.html,The Hacker News,Neutral
Exposure Assessment Platforms Signal a Shift in Focus,2026-01-21 00:00:00,https://thehackernews.com/2026/01/exposure-assessment-platforms-signal.html,The Hacker News,Neutral
Chainlit AI Framework Flaws Enable Data Theft via File Read and SSRF Bugs,2026-01-21 00:00:00,https://thehackernews.com/2026/01/chainlit-ai-framework-flaws-enable-data.html,The Hacker News,Neutral
"VoidLink Linux Malware Framework Built with AI Assistance Reaches 88,000 Lines of Code",2026-01-21 00:00:00,https://thehackernews.com/2026/01/voidlink-linux-malware-framework-built.html,The Hacker News,Neutral
LastPass Warns of Fake Maintenance Messages Targeting Users’ Master Passwords,2026-01-21 00:00:00,https://thehackernews.com/2026/01/lastpass-warns-of-fake-maintenance.html,The Hacker News,Neutral
CERT/CC Warns binary-parser Bug Allows Node.js Privilege-Level Code Execution,2026-01-21 00:00:00,https://thehackernews.com/2026/01/certcc-warns-binary-parser-bug-allows.html,The Hacker News,Positive
North Korea-Linked Hackers Target Developers via Malicious VS Code Projects,2026-01-20 00:00:00,https://thehackernews.com/2026/01/north-korea-linked-hackers-target.html,The Hacker News,Positive
Three Flaws in Anthropic MCP Git Server Enable File Access and Code Execution,2026-01-20 00:00:00,https://thehackernews.com/2026/01/three-flaws-in-anthropic-mcp-git-server.html,The Hacker News,Neutral
Hackers Use LinkedIn Messages to Spread RAT Malware Through DLL Sideloading,2026-01-20 00:00:00,https://thehackernews.com/2026/01/hackers-use-linkedin-messages-to-spread.html,The Hacker News,Neutral
The Hidden Risk of Orphan Accounts,2026-01-20 00:00:00,https://thehackernews.com/2026/01/the-hidden-risk-of-orphan-accounts.html,The Hacker News,Negative
Evelyn Stealer Malware Abuses VS Code Extensions to Steal Developer Credentials and Crypto,2026-01-20 00:00:00,https://thehackernews.com/2026/01/evelyn-stealer-malware-abuses-vs-code.html,The Hacker News,Neutral
Cloudflare Fixes ACME Validation Bug Allowing WAF Bypass to Origin Servers,2026-01-20 00:00:00,https://thehackernews.com/2026/01/cloudflare-fixes-acme-validation-bug.html,The Hacker News,Positive
Why Secrets in JavaScript Bundles are Still Being Missed,2026-01-20 00:00:00,https://thehackernews.com/2026/01/why-secrets-in-javascript-bundles-are.html,The Hacker News,Positive
Tudou Guarantee Marketplace Halts Telegram Transactions After Processing Over $12 Billion,2026-01-20 00:00:00,https://thehackernews.com/2026/01/tudou-guarantee-marketplace-halts.html,The Hacker News,Positive
Google Gemini Prompt Injection Flaw Exposed Private Calendar Data via Malicious Invites,2026-01-19 00:00:00,https://thehackernews.com/2026/01/google-gemini-prompt-injection-flaw.html,The Hacker News,Neutral
"⚡ Weekly Recap: Fortinet Exploits, RedLine Clipjack, NTLM Crack, Copilot Attack & More",2026-01-19 00:00:00,https://thehackernews.com/2026/01/weekly-recap-fortinet-exploits-redline.html,The Hacker News,Neutral
DevOps & SaaS Downtime: The High (and Hidden) Costs for Cloud-First Businesses,2026-01-19 00:00:00,https://thehackernews.com/2026/01/high-costs-of-devops-saas-downtime.html,The Hacker News,Neutral
New StackWarp Hardware Flaw Breaks AMD SEV-SNP Protections on Zen 1–5 CPUs,2026-01-19 00:00:00,https://thehackernews.com/2026/01/new-stackwarp-hardware-flaw-breaks-amd.html,The Hacker News,Negative
CrashFix Chrome Extension Delivers ModeloRAT Using ClickFix-Style Browser Crash Lures,2026-01-19 00:00:00,https://thehackernews.com/2026/01/crashfix-chrome-extension-delivers.html,The Hacker News,Neutral
Security Bug in StealC Malware Panel Let Researchers Spy on Threat Actor Operations,2026-01-19 00:00:00,https://thehackernews.com/2026/01/security-bug-in-stealc-malware-panel.html,The Hacker News,Positive
Black Basta Ransomware Leader Added to EU Most Wanted and INTERPOL Red Notice,2026-01-17 00:00:00,https://thehackernews.com/2026/01/black-basta-ransomware-hacker-leader.html,The Hacker News,Neutral
"4 Probleme, die CISOs behindern",2026-01-27 00:00:00,https://www.csoonline.com/article/4122799/4-probleme-die-cisos-behindern.html,CSO Online,Neutral
CISA releases technology readiness list for post-quantum cryptography,2026-01-27 00:00:00,https://www.csoonline.com/article/4122752/cisa-releases-technology-readiness-list-for-post-quantum-cryptography.html,CSO Online,Neutral
Overcoming AI fatigue,2026-01-27 00:00:00,https://www.csoonline.com/article/4122255/overcoming-ai-fatigue.html,CSO Online,Neutral
AI overload to accelerate zero-trust data governance adoption,2026-01-27 00:00:00,https://www.csoonline.com/article/4122266/50-of-organizations-will-adopt-zero-trust-data-governance-by-2028.html,CSO Online,Positive
4 issues holding back CISOs’ security agendas,2026-01-27 00:00:00,https://www.csoonline.com/article/4117010/4-issues-holding-back-cisos-security-agendas.html,CSO Online,Positive
CNAPP-Kaufratgeber,2026-01-27 00:00:00,https://www.csoonline.com/article/3970431/cnapp-kaufratgeber.html,CSO Online,Neutral
Unplugged holes in the npm and yarn package managers could let attackers bypass defenses against Shai-Hulud,2026-01-27 00:00:00,https://www.csoonline.com/article/4122436/unplugged-holes-in-the-npm-and-yarn-package-managers-could-let-attackers-bypass-defenses-against-shai-hulud-2.html,CSO Online,Neutral
Russian hackers accused of attack on Poland electricity grid,2026-01-26 00:00:00,https://www.csoonline.com/article/4122256/russian-hackers-accused-of-attack-on-polands-power-grid.html,CSO Online,Neutral
Digitale Integrität: Warum Firewall und IDS nicht reichen,2026-01-26 00:00:00,https://www.csoonline.com/article/4121937/digitale-integritat-warum-firewall-und-ids-nicht-reichen.html,CSO Online,Positive
"Microsoft handed over BitLocker keys to law enforcement, raising enterprise data control concerns",2026-01-26 00:00:00,https://www.csoonline.com/article/4122151/microsoft-handed-over-bitlocker-keys-to-law-enforcement-raising-enterprise-data-control-concerns-2.html,CSO Online,Positive
Microsoft releases second out-of-band fix for Windows in a week,2026-01-26 00:00:00,https://www.csoonline.com/article/4122144/microsoft-releases-second-out-of-band-fix-for-windows-in-a-week-2.html,CSO Online,Neutral
Dobrindt zu Cyberangriffen: “Wir werden zurückschlagen”,2026-01-26 00:00:00,https://www.csoonline.com/article/4121852/dobrindt-zu-cyberangriffen-wir-werden-zuruckschlagen.html,CSO Online,Neutral
CISO’s predictions for 2026,2026-01-26 00:00:00,https://www.csoonline.com/article/4116527/cisos-predictions-for-2026.html,CSO Online,Neutral
Fortinet confirms new zero-day attacks against customer devices,2026-01-23 00:00:00,https://www.csoonline.com/article/4121682/fortinet-confirms-new-zero-day-attacks-against-customer-devices.html,CSO Online,Neutral
The cybercrime industry continues to challenge CISOs in 2026,2026-01-23 00:00:00,https://www.csoonline.com/article/4119555/cybercrime-inc-the-new-industry-challenging-cisos-in-2026.html,CSO Online,Positive
NETSCOUT recognized for leadership in network detection and response,2026-01-23 00:00:00,https://www.csoonline.com/article/4117431/netscout-recognized-for-leadership-in-network-detection-and-response.html,CSO Online,Positive
Smarter DDoS security at scale,2026-01-23 00:00:00,https://www.csoonline.com/article/4117454/smarter-ddos-security-at-scale.html,CSO Online,Positive
Ransomware-Attacke auf Verkehrsgesellschaft Main-Tauber,2026-01-23 00:00:00,https://www.csoonline.com/article/4121451/ransomware-attacke-auf-verkehrsgesellschaft-main-tauber.html,CSO Online,Neutral
Unterschätztes Risiko: Insider-Bedrohungen endlich ernst nehmen,2026-01-23 00:00:00,https://www.csoonline.com/article/4121235/unterschatztes-risiko-insider-bedrohungen-endlich-ernst-nehmen.html,CSO Online,Positive
10 wichtige Security-Eigenschaften: So setzen Sie die Kraft Ihres IT-Sicherheitstechnik-Teams frei,2026-01-23 00:00:00,https://www.csoonline.com/article/3492187/10-wichtige-security-eigenschaften-so-setzen-sie-die-kraft-ihres-it-sicherheitstechnik-teams-frei.html,CSO Online,Neutral
WorldLeaks Extortion Group Claims It Stole 1.4TB of Nike Data,2026-01-27 00:00:00,https://www.darkreading.com/cyberattacks-data-breaches/worldeaks-extortion-group-stole-1.4tb-nike-data,Dark Reading,Neutral
Hand CVE Over to the Private Sector,2026-01-27 00:00:00,https://www.darkreading.com/cybersecurity-operations/hand-cve-over-to-private-sector,Dark Reading,Neutral
Beauty in Destruction: Exploring Malware's Impact Through Art,2026-01-26 00:00:00,https://www.darkreading.com/vulnerabilities-threats/beauty-in-destruction-exploring-malware-impact-through-art,Dark Reading,Positive
Sandworm Blamed for Wiper Attack on Poland Power Grid,2026-01-26 00:00:00,https://www.darkreading.com/threat-intelligence/sandworm-wiper-attack-poland-power-grid,Dark Reading,Neutral
DPRK's Konni Targets Blockchain Developers With AI-Generated Backdoor,2026-01-26 00:00:00,https://www.darkreading.com/cyberattacks-data-breaches/dprks-konni-targets-blockchain-developers-ai-generated-backdoor,Dark Reading,Positive
"2025 Was a Wake-up Call to Protect Human Decisions, Not Just Systems",2026-01-24 00:00:00,https://www.darkreading.com/cyber-risk/wake-up-call-to-protect-human-decisions-not-just-systems,Dark Reading,Neutral
"Swipe, Plug-in, Pwned: Researchers Find New Ways to Hack Vehicles",2026-01-23 00:00:00,https://www.darkreading.com/endpoint-security/researchers-find-new-ways-hack-vehicles,Dark Reading,Positive
Exploited Zero-Day Flaw in Cisco UC Could Affect Millions,2026-01-23 00:00:00,https://www.darkreading.com/endpoint-security/exploited-zero-day-flaw-cisco-uc-affect-millions,Dark Reading,Positive
Europe's GCVE Raises Concerns Over Fragmentation in Vulnerability Databases,2026-01-23 00:00:00,https://www.darkreading.com/cyber-risk/gcve-raises-concerns-fragmentation-vulnerability-database,Dark Reading,Positive
Healthy Security Cultures Want People to Report Risks,2026-01-23 00:00:00,https://www.darkreading.com/cyber-risk/healthy-security-cultures-thrive-on-risk-reporting,Dark Reading,Positive
Risky Chinese Electric Buses Spark Aussie Gov't Review,2026-01-22 00:00:00,https://www.darkreading.com/cyber-risk/chinese-electric-buses-aussie-govt,Dark Reading,Negative
Fortinet Firewalls Hit With Malicious Configuration Changes,2026-01-22 00:00:00,https://www.darkreading.com/cloud-security/fortinet-firewalls-malicious-configuration-changes,Dark Reading,Neutral
From a Whisper to a Scream: Europe Frets About Overreliance on US Tech,2026-01-22 00:00:00,https://www.darkreading.com/cybersecurity-operations/europe-frets-about-overreliance-on-us-tech,Dark Reading,Neutral
"Latin American Orgs Lack Confidence in Cyber Defenses, Skills",2026-01-22 00:00:00,https://www.darkreading.com/cyber-risk/latin-american-confidence-cyber-defenses-skills,Dark Reading,Neutral
DPRK Actors Deploy VS Code Tunnels for Remote Hacking,2026-01-22 00:00:00,https://www.darkreading.com/endpoint-security/dprk-vs-code-tunnels-remote-hacking,Dark Reading,Neutral
Dark Reading Confidential: Reviving the Hacker Ethos That Built Cybersecurity,2026-01-22 00:00:00,https://www.darkreading.com/cybersecurity-operations/reviving-hacker-ethos-that-built-cybersecurity,Dark Reading,Neutral
AI Agents Undermine Progress in Browser Security,2026-01-21 00:00:00,https://www.darkreading.com/application-security/ai-agents-undermine-progress-browser-security,Dark Reading,Negative
'Contagious Interview' Attack Now Delivers Backdoor Via VS Code,2026-01-21 00:00:00,https://www.darkreading.com/cyber-risk/contagious-interview-attack-delivers-backdoor,Dark Reading,Neutral
Phishing Campaign Zeroes in on LastPass Customers,2026-01-21 00:00:00,https://www.darkreading.com/application-security/phishing-campaign-zeroes-lastpass-customers,Dark Reading,Positive
Complex VoidLink Linux Malware Created by AI,2026-01-21 00:00:00,https://www.darkreading.com/threat-intelligence/voidlink-linux-malware-ai,Dark Reading,Positive
'Damn Vulnerable' Training Apps Leave Vendors' Clouds Exposed,2026-01-21 00:00:00,https://www.darkreading.com/application-security/vulnerable-vendors-training-apps,Dark Reading,Negative
"'CrashFix' Scam Crashes Browsers, Delivers Malware",2026-01-20 00:00:00,https://www.darkreading.com/cyberattacks-data-breaches/crashfix-scam-crashes-browsers-delivers-malware,Dark Reading,Neutral
Mass Spam Attacks Leverage Zendesk Instances,2026-01-20 00:00:00,https://www.darkreading.com/threat-intelligence/mass-spam-attacks-zendesk-instances,Dark Reading,Neutral
Vulnerabilities Threaten to Break Chainlit AI Framework,2026-01-20 00:00:00,https://www.darkreading.com/vulnerabilities-threats/vulnerabilities-break-chainlit-ai-framework,Dark Reading,Neutral
Google Gemini Flaw Turns Calendar Invites Into Attack Vector,2026-01-20 00:00:00,https://www.darkreading.com/cloud-security/google-gemini-flaw-calendar-invites-attack-vector,Dark Reading,Neutral
"Microsoft &amp; Anthropic MCP Servers at Risk of RCE, Cloud Takeovers",2026-01-20 00:00:00,https://www.darkreading.com/application-security/microsoft-anthropic-mcp-servers-risk-takeovers,Dark Reading,Positive
"ChatGPT Health Raises Big Security, Safety Concerns",2026-01-19 00:00:00,https://www.darkreading.com/remote-workforce/chatgpt-health-security-safety-concerns,Dark Reading,Neutral
More Problems for Fortinet: Critical FortiSIEM Flaw Exploited,2026-01-16 00:00:00,https://www.darkreading.com/vulnerabilities-threats/fortinet-critical-fortisiem-flaw-exploited,Dark Reading,Positive
CISOs Rise to Prominence: Security Leaders Join the Executive Suite,2026-01-16 00:00:00,https://www.darkreading.com/cybersecurity-operations/cisos-rise-to-prominence-security-leaders-join-the-executive-suite,Dark Reading,Neutral
AI System Reduces Attack Reconstruction Time From Weeks to Hours,2026-01-16 00:00:00,https://www.darkreading.com/cybersecurity-operations/ai-system-attack-reconstruction-weeks-hours,Dark Reading,Neutral
Predator Spyware Sample Indicates 'Vendor-Controlled' C2,2026-01-15 00:00:00,https://www.darkreading.com/mobile-security/predator-spyware-sample-vendor-controlled-c2,Dark Reading,Positive
Winter Olympics Could Share Podium With Cyberattackers,2026-01-15 00:00:00,https://www.darkreading.com/remote-workforce/winter-olympics-podium-cyberattackers,Dark Reading,Neutral
"Vulnerabilities Surge, But Messy Reporting Blurs Picture",2026-01-15 00:00:00,https://www.darkreading.com/cybersecurity-analytics/vulnerabilities-surge-messy-reporting-blurs-picture,Dark Reading,Neutral
Trio of Critical Bugs Spotted in Delta Industrial PLCs,2026-01-15 00:00:00,https://www.darkreading.com/ics-ot-security/critical-bugs-delta-industrial-plcs,Dark Reading,Neutral
"Retail, Services Industries Under Fire in Oceania",2026-01-14 00:00:00,https://www.darkreading.com/cybersecurity-analytics/retail-services-industries-oceania,Dark Reading,Positive
Microsoft Disrupts Cybercrime Service RedVDS,2026-01-14 00:00:00,https://www.darkreading.com/threat-intelligence/microsoft-disrupts-cybercrime-service-redvds,Dark Reading,Neutral
Secure Your Spot at RSAC 2026 Conference,2026-01-27 00:00:00,https://www.darkreading.com/events/rsac-2026-conference,Dark Reading,Positive
'VoidLink' Malware Poses Advanced Threat to Linux Systems,2026-01-14 00:00:00,https://www.darkreading.com/cloud-security/voidlink-malware-advanced-threat-linux-systems,Dark Reading,Positive
Taiwan Endures Greater Cyber Pressure From China,2026-01-14 00:00:00,https://www.darkreading.com/cyber-risk/taiwan-sees-greater-cyber-pressure-from-china,Dark Reading,Positive
CrowdStrike to Buy Seraphic Security in Bid to Boost Browser Security,2026-01-13 00:00:00,https://www.darkreading.com/remote-workforce/crowdstrike-buy-seraphic-security-boost-browser-security,Dark Reading,Neutral
CISO Succession Crisis Highlights How Turnover Amplifies Security Risks,2026-01-13 00:00:00,https://www.darkreading.com/cyber-risk/ciso-succession-crisis-highlights-turnover-amplifies-security-risks,Dark Reading,Positive
'Most Severe AI Vulnerability to Date' Hits ServiceNow,2026-01-13 00:00:00,https://www.darkreading.com/remote-workforce/ai-vulnerability-servicenow,Dark Reading,Positive
Microsoft Starts 2026 With a Bang: A Freshly Exploited Zero-Day,2026-01-13 00:00:00,https://www.darkreading.com/application-security/microsofts-starts-2026-bang-zero-day,Dark Reading,Positive
Shadow#Reactor Uses Text Files to Deliver Remcos RAT,2026-01-13 00:00:00,https://www.darkreading.com/endpoint-security/shadow-reactor-uses-text-files-to-deliver-remcos-rat,Dark Reading,Positive
AsyncRAT Malware Infests Orgs via Python &amp; Cloudflare,2026-01-13 00:00:00,https://www.darkreading.com/endpoint-security/attackers-abuse-python-cloudflare-deliver-asyncrat,Dark Reading,Neutral
"BreachForums Breached, Exposing 324K Cybercriminals",2026-01-12 00:00:00,https://www.darkreading.com/threat-intelligence/breachforums-breached-exposing-324k-cybercriminals,Dark Reading,Neutral
Multipurpose GoBruteforcer Botnet Targets 50K+ Linux Servers,2026-01-12 00:00:00,https://www.darkreading.com/threat-intelligence/gobruteforcer-botnet-targets-50k-plus-linux-servers,Dark Reading,Neutral
Navigating Privacy and Cybersecurity Laws in 2026 Will Prove Difficult,2026-01-12 00:00:00,https://www.darkreading.com/cyber-risk/navigating-privacy-and-cybersecurity-laws-in-2026-will-prove-difficult,Dark Reading,Neutral
FBI Flags Quishing Attacks From North Korean APT,2026-01-12 00:00:00,https://www.darkreading.com/mobile-security/fbi-quishing-attacks-north-korean-apt,Dark Reading,Positive
Hexnode Moves into Endpoint Security With Hexnode XDR,2026-01-12 00:00:00,https://www.darkreading.com/endpoint-security/hexnode-marks-its-move-into-endpoint-security-with-hexnode-xdr,Dark Reading,Neutral
"Kimwolf Botnet Lurking in Corporate, Govt. Networks",2026-01-20 00:00:00,https://krebsonsecurity.com/2026/01/kimwolf-botnet-lurking-in-corporate-govt-networks/,Krebs on Security,Neutral
"Patch Tuesday, January 2026 Edition",2026-01-14 00:00:00,https://krebsonsecurity.com/2026/01/patch-tuesday-january-2026-edition/,Krebs on Security,Positive
Who Benefited from the Aisuru and Kimwolf Botnets?,2026-01-08 00:00:00,https://krebsonsecurity.com/2026/01/who-benefited-from-the-aisuru-and-kimwolf-botnets/,Krebs on Security,Neutral
The Kimwolf Botnet is Stalking Your Local Network,2026-01-02 00:00:00,https://krebsonsecurity.com/2026/01/the-kimwolf-botnet-is-stalking-your-local-network/,Krebs on Security,Neutral
"Happy 16th Birthday, KrebsOnSecurity.com!",2025-12-29 00:00:00,https://krebsonsecurity.com/2025/12/happy-16th-birthday-krebsonsecurity-com/,Krebs on Security,Positive
Dismantling Defenses: Trump 2.0 Cyber Year in Review,2025-12-19 00:00:00,https://krebsonsecurity.com/2025/12/dismantling-defenses-trump-2-0-cyber-year-in-review/,Krebs on Security,Neutral
Most Parked Domains Now Serving Malicious Content,2025-12-16 00:00:00,https://krebsonsecurity.com/2025/12/most-parked-domains-now-serving-malicious-content/,Krebs on Security,Neutral
Drones to Diplomas: How Russia’s Largest Private University is Linked to a $25M Essay Mill,2025-12-06 00:00:00,https://krebsonsecurity.com/2025/12/drones-to-diplomas-how-russias-largest-private-university-is-linked-to-a-25m-essay-mill/,Krebs on Security,Positive
"SMS Phishers Pivot to Points, Taxes, Fake Retailers",2025-12-04 00:00:00,https://krebsonsecurity.com/2025/12/sms-phishers-pivot-to-points-taxes-fake-retailers/,Krebs on Security,Neutral
Nike investigates data breach after extortion gang leaks files,2026-01-27 00:00:00,https://www.bleepingcomputer.com/news/security/nike-investigates-data-breach-after-extortion-gang-leaks-files/,BleepingComputer,Neutral
Critical sandbox escape flaw found in popular vm2 NodeJS library,2026-01-27 00:00:00,https://www.bleepingcomputer.com/news/security/critical-sandbox-escape-flaw-discovered-in-popular-vm2-nodejs-library/,BleepingComputer,Positive
US charges 31 more suspects linked to ATM malware attacks,2026-01-27 00:00:00,https://www.bleepingcomputer.com/news/security/us-charges-31-more-suspects-linked-to-atm-malware-attacks/,BleepingComputer,Positive
From Cipher to Fear: The psychology behind modern ransomware extortion,2026-01-27 00:00:00,https://www.bleepingcomputer.com/news/security/from-cipher-to-fear-the-psychology-behind-modern-ransomware-extortion/,BleepingComputer,Neutral
"Over 6,000 SmarterMail servers exposed to automated hijacking attacks",2026-01-27 00:00:00,https://www.bleepingcomputer.com/news/security/over-6-000-smartermail-servers-exposed-to-automated-hijacking-attacks/,BleepingComputer,Negative
Have I Been Pwned: SoundCloud data breach impacts 29.8 million accounts,2026-01-27 00:00:00,https://www.bleepingcomputer.com/news/security/have-i-been-pwned-soundcloud-data-breach-impacts-298-million-accounts/,BleepingComputer,Neutral
New malware service guarantees phishing extensions on Chrome web store,2026-01-26 00:00:00,https://www.bleepingcomputer.com/news/security/new-malware-service-guarantees-phishing-extensions-on-chrome-web-store/,BleepingComputer,Positive
New ClickFix attacks abuse Windows App-V scripts to push malware,2026-01-26 00:00:00,https://www.bleepingcomputer.com/news/security/new-clickfix-attacks-abuse-windows-app-v-scripts-to-push-malware/,BleepingComputer,Neutral
Microsoft patches actively exploited Office zero-day vulnerability,2026-01-26 00:00:00,https://www.bleepingcomputer.com/news/microsoft/microsoft-patches-actively-exploited-office-zero-day-vulnerability/,BleepingComputer,Negative
Cloudflare misconfiguration behind recent BGP route leak,2026-01-26 00:00:00,https://www.bleepingcomputer.com/news/security/cloudflare-misconfiguration-behind-recent-bgp-route-leak/,BleepingComputer,Neutral
EU launches investigation into X over Grok-generated sexual images,2026-01-26 00:00:00,https://www.bleepingcomputer.com/news/artificial-intelligence/eu-launches-investigation-into-x-over-grok-generated-sexual-images/,BleepingComputer,Neutral
"Nearly 800,000 Telnet servers exposed to remote attacks",2026-01-26 00:00:00,https://www.bleepingcomputer.com/news/security/nearly-800-000-telnet-servers-exposed-to-remote-attacks/,BleepingComputer,Neutral
6 Okta security settings you might have overlooked,2026-01-26 00:00:00,https://www.bleepingcomputer.com/news/security/6-okta-security-settings-you-might-have-overlooked/,BleepingComputer,Neutral
Hackers can bypass npm’s Shai-Hulud defenses via Git dependencies,2026-01-26 00:00:00,https://www.bleepingcomputer.com/news/security/hackers-can-bypass-npms-shai-hulud-defenses-via-git-dependencies/,BleepingComputer,Neutral
CISA says critical VMware RCE flaw now actively exploited,2026-01-26 00:00:00,https://www.bleepingcomputer.com/news/security/cisa-says-critical-vmware-rce-flaw-now-actively-exploited/,BleepingComputer,Neutral
The Constitutionality of Geofence Warrants,2026-01-27 00:00:00,https://www.schneier.com/blog/archives/2026/01/the-constitutionality-of-geofence-warrants.html,Schneier on Security,Neutral
Ireland Proposes Giving Police New Digital Surveillance Powers,2026-01-26 00:00:00,https://www.schneier.com/blog/archives/2026/01/ireland-proposes-giving-police-new-digital-surveillance-powers.html,Schneier on Security,Neutral
Friday Squid Blogging: Giant Squid in the Star Trek Universe,2026-01-23 00:00:00,https://www.schneier.com/blog/archives/2026/01/friday-squid-blogging-giant-squid-in-the-star-trek-universe.html,Schneier on Security,Neutral
AIs are Getting Better at Finding and Exploiting Internet Vulnerabilities,2026-01-23 00:00:00,https://www.schneier.com/blog/archives/2026/01/ais-are-getting-better-at-finding-and-exploiting-internet-vulnerabilities.html,Schneier on Security,Positive
Why AI Keeps Falling for Prompt Injection Attacks,2026-01-22 00:00:00,https://www.schneier.com/blog/archives/2026/01/why-ai-keeps-falling-for-prompt-injection-attacks.html,Schneier on Security,Neutral
Internet Voting is Too Insecure for Use in Elections,2026-01-21 00:00:00,https://www.schneier.com/blog/archives/2026/01/internet-voting-is-too-insecure-for-use-in-elections.html,Schneier on Security,Neutral
Could ChatGPT Convince You to Buy Something?,2026-01-20 00:00:00,https://www.schneier.com/blog/archives/2026/01/could-chatgpt-convince-you-to-buy-something.html,Schneier on Security,Neutral
AI-Powered Surveillance in Schools,2026-01-19 00:00:00,https://www.schneier.com/blog/archives/2026/01/ai-powered-surveillance-in-schools.html,Schneier on Security,Neutral
AI and the Corporate Capture of Knowledge,2026-01-16 00:00:00,https://www.schneier.com/blog/archives/2026/01/ai-and-the-corporate-capture-of-knowledge.html,Schneier on Security,Neutral
